=== Ejecucion Performance 2026-09-23T17:29:29 (Movimientos=1000, Presupuestos=200, Repeticiones=5) ===
POST /api/Auth/register -> 200
RespBody: {"token":"eyJhbGciOiJIUzI1NiIsInR5cCI6IkpXVCJ9.eyJpZFVzdWFyaW8iOiIxIiwiaWRIb2dhciI6IjEiLCJodHRwOi8vc2NoZW1hcy5taWNyb3NvZnQuY29tL3dzLzIwMDgvMDYvaWRlbnRpdHkvY2xhaW1zL3JvbGUiOiJBZG1pbiIsImVtYWlsIjoicGVyZi5zZWVkcy4zMTAzQGRlbW8tdGVzdC5jb20iLCJleHAiOjE3OTAyMzQ5NzAsImlzcyI6IlJlbWVzYVNtYXJ0U1YiLCJhdWQiOiJSZ

POST /api/Categorias -> 201
RespBody: {"idCategoria":1,"idHogar":1,"nombre":"Categoria 1","tipo":"Ingreso","icono":"icono1"}

POST /api/Categorias -> 201
RespBody: {"idCategoria":2,"idHogar":1,"nombre":"Categoria 2","tipo":"Gasto","icono":"icono2"}

POST /api/Categorias -> 201
RespBody: {"idCategoria":3,"idHogar":1,"nombre":"Categoria 3","tipo":"Ingreso","icono":"icono3"}

POST /api/Categorias -> 201
RespBody: {"idCategoria":4,"idHogar":1,"nombre":"Categoria 4","tipo":"Gasto","icono":"icono4"}

POST /api/Categorias -> 201
RespBody: {"idCategoria":5,"idHogar":1,"nombre":"Categoria 5","tipo":"Ingreso","icono":"icono5"}

POST /api/Categorias -> 201
RespBody: {"idCategoria":6,"idHogar":1,"nombre":"Categoria 6","tipo":"Gasto","icono":"icono6"}

POST /api/Categorias -> 201
RespBody: {"idCategoria":7,"idHogar":1,"nombre":"Categoria 7","tipo":"Ingreso","icono":"icono7"}

POST /api/Categorias -> 201
RespBody: {"idCategoria":8,"idHogar":1,"nombre":"Categoria 8","tipo":"Gasto","icono":"icono8"}

POST /api/Categorias -> 201
RespBody: {"idCategoria":9,"idHogar":1,"nombre":"Categoria 9","tipo":"Ingreso","icono":"icono9"}

POST /api/Categorias -> 201
RespBody: {"idCategoria":10,"idHogar":1,"nombre":"Categoria 10","tipo":"Gasto","icono":"icono10"}

POST /api/Categorias -> 201
RespBody: {"idCategoria":11,"idHogar":1,"nombre":"Categoria 11","tipo":"Ingreso","icono":"icono11"}

POST /api/Categorias -> 201
RespBody: {"idCategoria":12,"idHogar":1,"nombre":"Categoria 12","tipo":"Gasto","icono":"icono12"}

POST /api/Categorias -> 201
RespBody: {"idCategoria":13,"idHogar":1,"nombre":"Categoria 13","tipo":"Ingreso","icono":"icono13"}

POST /api/Categorias -> 201
RespBody: {"idCategoria":14,"idHogar":1,"nombre":"Categoria 14","tipo":"Gasto","icono":"icono14"}

POST /api/Categorias -> 201
RespBody: {"idCategoria":15,"idHogar":1,"nombre":"Categoria 15","tipo":"Ingreso","icono":"icono15"}

POST /api/Categorias -> 201
RespBody: {"idCategoria":16,"idHogar":1,"nombre":"Categoria 16","tipo":"Gasto","icono":"icono16"}

POST /api/Categorias -> 201
RespBody: {"idCategoria":17,"idHogar":1,"nombre":"Categoria 17","tipo":"Ingreso","icono":"icono17"}

POST /api/Categorias -> 201
RespBody: {"idCategoria":18,"idHogar":1,"nombre":"Categoria 18","tipo":"Gasto","icono":"icono18"}

POST /api/Categorias -> 201
RespBody: {"idCategoria":19,"idHogar":1,"nombre":"Categoria 19","tipo":"Ingreso","icono":"icono19"}

POST /api/Categorias -> 201
RespBody: {"idCategoria":20,"idHogar":1,"nombre":"Categoria 20","tipo":"Gasto","icono":"icono20"}

POST /api/Categorias -> 201
RespBody: {"idCategoria":21,"idHogar":1,"nombre":"Categoria 21","tipo":"Ingreso","icono":"icono21"}

POST /api/Categorias -> 201
RespBody: {"idCategoria":22,"idHogar":1,"nombre":"Categoria 22","tipo":"Gasto","icono":"icono22"}

POST /api/Categorias -> 201
RespBody: {"idCategoria":23,"idHogar":1,"nombre":"Categoria 23","tipo":"Ingreso","icono":"icono23"}

POST /api/Categorias -> 201
RespBody: {"idCategoria":24,"idHogar":1,"nombre":"Categoria 24","tipo":"Gasto","icono":"icono24"}

POST /api/Categorias -> 201
RespBody: {"idCategoria":25,"idHogar":1,"nombre":"Categoria 25","tipo":"Ingreso","icono":"icono25"}

POST /api/Categorias -> 201
RespBody: {"idCategoria":26,"idHogar":1,"nombre":"Categoria 26","tipo":"Gasto","icono":"icono26"}

POST /api/Categorias -> 201
RespBody: {"idCategoria":27,"idHogar":1,"nombre":"Categoria 27","tipo":"Ingreso","icono":"icono27"}

POST /api/Categorias -> 201
RespBody: {"idCategoria":28,"idHogar":1,"nombre":"Categoria 28","tipo":"Gasto","icono":"icono28"}

POST /api/Categorias -> 201
RespBody: {"idCategoria":29,"idHogar":1,"nombre":"Categoria 29","tipo":"Ingreso","icono":"icono29"}

POST /api/Categorias -> 201
RespBody: {"idCategoria":30,"idHogar":1,"nombre":"Categoria 30","tipo":"Gasto","icono":"icono30"}

POST /api/Categorias -> 201
RespBody: {"idCategoria":31,"idHogar":1,"nombre":"Categoria 31","tipo":"Ingreso","icono":"icono31"}

POST /api/Categorias -> 201
RespBody: {"idCategoria":32,"idHogar":1,"nombre":"Categoria 32","tipo":"Gasto","icono":"icono32"}

POST /api/Categorias -> 201
RespBody: {"idCategoria":33,"idHogar":1,"nombre":"Categoria 33","tipo":"Ingreso","icono":"icono33"}

POST /api/Categorias -> 201
RespBody: {"idCategoria":34,"idHogar":1,"nombre":"Categoria 34","tipo":"Gasto","icono":"icono34"}

POST /api/Categorias -> 201
RespBody: {"idCategoria":35,"idHogar":1,"nombre":"Categoria 35","tipo":"Ingreso","icono":"icono35"}

POST /api/Categorias -> 201
RespBody: {"idCategoria":36,"idHogar":1,"nombre":"Categoria 36","tipo":"Gasto","icono":"icono36"}

POST /api/Categorias -> 201
RespBody: {"idCategoria":37,"idHogar":1,"nombre":"Categoria 37","tipo":"Ingreso","icono":"icono37"}

POST /api/Categorias -> 201
RespBody: {"idCategoria":38,"idHogar":1,"nombre":"Categoria 38","tipo":"Gasto","icono":"icono38"}

POST /api/Categorias -> 201
RespBody: {"idCategoria":39,"idHogar":1,"nombre":"Categoria 39","tipo":"Ingreso","icono":"icono39"}

POST /api/Categorias -> 201
RespBody: {"idCategoria":40,"idHogar":1,"nombre":"Categoria 40","tipo":"Gasto","icono":"icono40"}

POST /api/Categorias -> 201
RespBody: {"idCategoria":41,"idHogar":1,"nombre":"Categoria 41","tipo":"Ingreso","icono":"icono41"}

POST /api/Categorias -> 201
RespBody: {"idCategoria":42,"idHogar":1,"nombre":"Categoria 42","tipo":"Gasto","icono":"icono42"}

POST /api/Categorias -> 201
RespBody: {"idCategoria":43,"idHogar":1,"nombre":"Categoria 43","tipo":"Ingreso","icono":"icono43"}

POST /api/Categorias -> 201
RespBody: {"idCategoria":44,"idHogar":1,"nombre":"Categoria 44","tipo":"Gasto","icono":"icono44"}

POST /api/Categorias -> 201
RespBody: {"idCategoria":45,"idHogar":1,"nombre":"Categoria 45","tipo":"Ingreso","icono":"icono45"}

POST /api/Categorias -> 201
RespBody: {"idCategoria":46,"idHogar":1,"nombre":"Categoria 46","tipo":"Gasto","icono":"icono46"}

POST /api/Categorias -> 201
RespBody: {"idCategoria":47,"idHogar":1,"nombre":"Categoria 47","tipo":"Ingreso","icono":"icono47"}

POST /api/Categorias -> 201
RespBody: {"idCategoria":48,"idHogar":1,"nombre":"Categoria 48","tipo":"Gasto","icono":"icono48"}

POST /api/Categorias -> 201
RespBody: {"idCategoria":49,"idHogar":1,"nombre":"Categoria 49","tipo":"Ingreso","icono":"icono49"}

POST /api/Categorias -> 201
RespBody: {"idCategoria":50,"idHogar":1,"nombre":"Categoria 50","tipo":"Gasto","icono":"icono50"}

POST /api/Presupuestos -> 201
RespBody: {"idPresupuesto":1,"idHogar":1,"idCategoria":1,"montoLimite":100,"mesAnio":"2026-09-01T00:00:00.0000000Z"}

POST /api/Presupuestos -> 201
RespBody: {"idPresupuesto":2,"idHogar":1,"idCategoria":2,"montoLimite":101,"mesAnio":"2026-01-01T00:00:00.0000000Z"}

POST /api/Presupuestos -> 201
RespBody: {"idPresupuesto":3,"idHogar":1,"idCategoria":3,"montoLimite":102,"mesAnio":"2026-02-01T00:00:00.0000000Z"}

POST /api/Presupuestos -> 201
RespBody: {"idPresupuesto":4,"idHogar":1,"idCategoria":4,"montoLimite":103,"mesAnio":"2026-03-01T00:00:00.0000000Z"}

POST /api/Presupuestos -> 201
RespBody: {"idPresupuesto":5,"idHogar":1,"idCategoria":5,"montoLimite":104,"mesAnio":"2026-04-01T00:00:00.0000000Z"}

POST /api/Presupuestos -> 201
RespBody: {"idPresupuesto":6,"idHogar":1,"idCategoria":6,"montoLimite":105,"mesAnio":"2026-05-01T00:00:00.0000000Z"}

POST /api/Presupuestos -> 201
RespBody: {"idPresupuesto":7,"idHogar":1,"idCategoria":7,"montoLimite":106,"mesAnio":"2026-06-01T00:00:00.0000000Z"}

POST /api/Presupuestos -> 201
RespBody: {"idPresupuesto":8,"idHogar":1,"idCategoria":8,"montoLimite":107,"mesAnio":"2026-07-01T00:00:00.0000000Z"}

POST /api/Presupuestos -> 201
RespBody: {"idPresupuesto":9,"idHogar":1,"idCategoria":9,"montoLimite":108,"mesAnio":"2026-08-01T00:00:00.0000000Z"}

POST /api/Presupuestos -> 201
RespBody: {"idPresupuesto":10,"idHogar":1,"idCategoria":10,"montoLimite":109,"mesAnio":"2026-09-01T00:00:00.0000000Z"}

POST /api/Presupuestos -> 201
RespBody: {"idPresupuesto":11,"idHogar":1,"idCategoria":11,"montoLimite":110,"mesAnio":"2026-10-01T00:00:00.0000000Z"}

POST /api/Presupuestos -> 201
RespBody: {"idPresupuesto":12,"idHogar":1,"idCategoria":12,"montoLimite":111,"mesAnio":"2026-11-01T00:00:00.0000000Z"}

POST /api/Presupuestos -> 201
RespBody: {"idPresupuesto":13,"idHogar":1,"idCategoria":13,"montoLimite":112,"mesAnio":"2026-12-01T00:00:00.0000000Z"}

POST /api/Presupuestos -> 201
RespBody: {"idPresupuesto":14,"idHogar":1,"idCategoria":14,"montoLimite":113,"mesAnio":"2026-01-01T00:00:00.0000000Z"}

POST /api/Presupuestos -> 201
RespBody: {"idPresupuesto":15,"idHogar":1,"idCategoria":15,"montoLimite":114,"mesAnio":"2026-02-01T00:00:00.0000000Z"}

POST /api/Presupuestos -> 201
RespBody: {"idPresupuesto":16,"idHogar":1,"idCategoria":16,"montoLimite":115,"mesAnio":"2026-03-01T00:00:00.0000000Z"}

POST /api/Presupuestos -> 201
RespBody: {"idPresupuesto":17,"idHogar":1,"idCategoria":17,"montoLimite":116,"mesAnio":"2026-04-01T00:00:00.0000000Z"}

POST /api/Presupuestos -> 201
RespBody: {"idPresupuesto":18,"idHogar":1,"idCategoria":18,"montoLimite":117,"mesAnio":"2026-05-01T00:00:00.0000000Z"}

POST /api/Presupuestos -> 201
RespBody: {"idPresupuesto":19,"idHogar":1,"idCategoria":19,"montoLimite":118,"mesAnio":"2026-06-01T00:00:00.0000000Z"}

POST /api/Presupuestos -> 201
RespBody: {"idPresupuesto":20,"idHogar":1,"idCategoria":20,"montoLimite":119,"mesAnio":"2026-07-01T00:00:00.0000000Z"}

POST /api/Presupuestos -> 201
RespBody: {"idPresupuesto":21,"idHogar":1,"idCategoria":21,"montoLimite":120,"mesAnio":"2026-08-01T00:00:00.0000000Z"}

POST /api/Presupuestos -> 201
RespBody: {"idPresupuesto":22,"idHogar":1,"idCategoria":22,"montoLimite":121,"mesAnio":"2026-09-01T00:00:00.0000000Z"}

POST /api/Presupuestos -> 201
RespBody: {"idPresupuesto":23,"idHogar":1,"idCategoria":23,"montoLimite":122,"mesAnio":"2026-10-01T00:00:00.0000000Z"}

POST /api/Presupuestos -> 201
RespBody: {"idPresupuesto":24,"idHogar":1,"idCategoria":24,"montoLimite":123,"mesAnio":"2026-11-01T00:00:00.0000000Z"}

POST /api/Presupuestos -> 201
RespBody: {"idPresupuesto":25,"idHogar":1,"idCategoria":25,"montoLimite":124,"mesAnio":"2026-12-01T00:00:00.0000000Z"}

POST /api/Presupuestos -> 201
RespBody: {"idPresupuesto":26,"idHogar":1,"idCategoria":26,"montoLimite":125,"mesAnio":"2026-01-01T00:00:00.0000000Z"}

POST /api/Presupuestos -> 201
RespBody: {"idPresupuesto":27,"idHogar":1,"idCategoria":27,"montoLimite":126,"mesAnio":"2026-02-01T00:00:00.0000000Z"}

POST /api/Presupuestos -> 201
RespBody: {"idPresupuesto":28,"idHogar":1,"idCategoria":28,"montoLimite":127,"mesAnio":"2026-03-01T00:00:00.0000000Z"}

POST /api/Presupuestos -> 201
RespBody: {"idPresupuesto":29,"idHogar":1,"idCategoria":29,"montoLimite":128,"mesAnio":"2026-04-01T00:00:00.0000000Z"}

POST /api/Presupuestos -> 201
RespBody: {"idPresupuesto":30,"idHogar":1,"idCategoria":30,"montoLimite":129,"mesAnio":"2026-05-01T00:00:00.0000000Z"}

POST /api/Presupuestos -> 201
RespBody: {"idPresupuesto":31,"idHogar":1,"idCategoria":31,"montoLimite":130,"mesAnio":"2026-06-01T00:00:00.0000000Z"}

POST /api/Presupuestos -> 201
RespBody: {"idPresupuesto":32,"idHogar":1,"idCategoria":32,"montoLimite":131,"mesAnio":"2026-07-01T00:00:00.0000000Z"}

POST /api/Presupuestos -> 201
RespBody: {"idPresupuesto":33,"idHogar":1,"idCategoria":33,"montoLimite":132,"mesAnio":"2026-08-01T00:00:00.0000000Z"}

POST /api/Presupuestos -> 201
RespBody: {"idPresupuesto":34,"idHogar":1,"idCategoria":34,"montoLimite":133,"mesAnio":"2026-09-01T00:00:00.0000000Z"}

POST /api/Presupuestos -> 201
RespBody: {"idPresupuesto":35,"idHogar":1,"idCategoria":35,"montoLimite":134,"mesAnio":"2026-10-01T00:00:00.0000000Z"}

POST /api/Presupuestos -> 201
RespBody: {"idPresupuesto":36,"idHogar":1,"idCategoria":36,"montoLimite":135,"mesAnio":"2026-11-01T00:00:00.0000000Z"}

POST /api/Presupuestos -> 201
RespBody: {"idPresupuesto":37,"idHogar":1,"idCategoria":37,"montoLimite":136,"mesAnio":"2026-12-01T00:00:00.0000000Z"}

POST /api/Presupuestos -> 201
RespBody: {"idPresupuesto":38,"idHogar":1,"idCategoria":38,"montoLimite":137,"mesAnio":"2026-01-01T00:00:00.0000000Z"}

POST /api/Presupuestos -> 201
RespBody: {"idPresupuesto":39,"idHogar":1,"idCategoria":39,"montoLimite":138,"mesAnio":"2026-02-01T00:00:00.0000000Z"}

POST /api/Presupuestos -> 201
RespBody: {"idPresupuesto":40,"idHogar":1,"idCategoria":40,"montoLimite":139,"mesAnio":"2026-03-01T00:00:00.0000000Z"}

POST /api/Presupuestos -> 201
RespBody: {"idPresupuesto":41,"idHogar":1,"idCategoria":41,"montoLimite":140,"mesAnio":"2026-04-01T00:00:00.0000000Z"}

POST /api/Presupuestos -> 201
RespBody: {"idPresupuesto":42,"idHogar":1,"idCategoria":42,"montoLimite":141,"mesAnio":"2026-05-01T00:00:00.0000000Z"}

POST /api/Presupuestos -> 201
RespBody: {"idPresupuesto":43,"idHogar":1,"idCategoria":43,"montoLimite":142,"mesAnio":"2026-06-01T00:00:00.0000000Z"}

POST /api/Presupuestos -> 201
RespBody: {"idPresupuesto":44,"idHogar":1,"idCategoria":44,"montoLimite":143,"mesAnio":"2026-07-01T00:00:00.0000000Z"}

POST /api/Presupuestos -> 201
RespBody: {"idPresupuesto":45,"idHogar":1,"idCategoria":45,"montoLimite":144,"mesAnio":"2026-08-01T00:00:00.0000000Z"}

POST /api/Presupuestos -> 201
RespBody: {"idPresupuesto":46,"idHogar":1,"idCategoria":46,"montoLimite":145,"mesAnio":"2026-09-01T00:00:00.0000000Z"}

POST /api/Presupuestos -> 201
RespBody: {"idPresupuesto":47,"idHogar":1,"idCategoria":47,"montoLimite":146,"mesAnio":"2026-10-01T00:00:00.0000000Z"}

POST /api/Presupuestos -> 201
RespBody: {"idPresupuesto":48,"idHogar":1,"idCategoria":48,"montoLimite":147,"mesAnio":"2026-11-01T00:00:00.0000000Z"}

POST /api/Presupuestos -> 201
RespBody: {"idPresupuesto":49,"idHogar":1,"idCategoria":49,"montoLimite":148,"mesAnio":"2026-12-01T00:00:00.0000000Z"}

POST /api/Presupuestos -> 201
RespBody: {"idPresupuesto":50,"idHogar":1,"idCategoria":50,"montoLimite":149,"mesAnio":"2026-01-01T00:00:00.0000000Z"}

POST /api/Presupuestos -> 201
RespBody: {"idPresupuesto":51,"idHogar":1,"idCategoria":1,"montoLimite":150,"mesAnio":"2026-02-01T00:00:00.0000000Z"}

POST /api/Presupuestos -> 201
RespBody: {"idPresupuesto":52,"idHogar":1,"idCategoria":2,"montoLimite":151,"mesAnio":"2026-03-01T00:00:00.0000000Z"}

POST /api/Presupuestos -> 201
RespBody: {"idPresupuesto":53,"idHogar":1,"idCategoria":3,"montoLimite":152,"mesAnio":"2026-04-01T00:00:00.0000000Z"}

POST /api/Presupuestos -> 201
RespBody: {"idPresupuesto":54,"idHogar":1,"idCategoria":4,"montoLimite":153,"mesAnio":"2026-05-01T00:00:00.0000000Z"}

POST /api/Presupuestos -> 201
RespBody: {"idPresupuesto":55,"idHogar":1,"idCategoria":5,"montoLimite":154,"mesAnio":"2026-06-01T00:00:00.0000000Z"}

POST /api/Presupuestos -> 201
RespBody: {"idPresupuesto":56,"idHogar":1,"idCategoria":6,"montoLimite":155,"mesAnio":"2026-07-01T00:00:00.0000000Z"}

POST /api/Presupuestos -> 201
RespBody: {"idPresupuesto":57,"idHogar":1,"idCategoria":7,"montoLimite":156,"mesAnio":"2026-08-01T00:00:00.0000000Z"}

POST /api/Presupuestos -> 201
RespBody: {"idPresupuesto":58,"idHogar":1,"idCategoria":8,"montoLimite":157,"mesAnio":"2026-09-01T00:00:00.0000000Z"}

POST /api/Presupuestos -> 201
RespBody: {"idPresupuesto":59,"idHogar":1,"idCategoria":9,"montoLimite":158,"mesAnio":"2026-10-01T00:00:00.0000000Z"}

POST /api/Presupuestos -> 201
RespBody: {"idPresupuesto":60,"idHogar":1,"idCategoria":10,"montoLimite":159,"mesAnio":"2026-11-01T00:00:00.0000000Z"}

POST /api/Presupuestos -> 201
RespBody: {"idPresupuesto":61,"idHogar":1,"idCategoria":11,"montoLimite":160,"mesAnio":"2026-12-01T00:00:00.0000000Z"}

POST /api/Presupuestos -> 201
RespBody: {"idPresupuesto":62,"idHogar":1,"idCategoria":12,"montoLimite":161,"mesAnio":"2026-01-01T00:00:00.0000000Z"}

POST /api/Presupuestos -> 201
RespBody: {"idPresupuesto":63,"idHogar":1,"idCategoria":13,"montoLimite":162,"mesAnio":"2026-02-01T00:00:00.0000000Z"}

POST /api/Presupuestos -> 201
RespBody: {"idPresupuesto":64,"idHogar":1,"idCategoria":14,"montoLimite":163,"mesAnio":"2026-03-01T00:00:00.0000000Z"}

POST /api/Presupuestos -> 201
RespBody: {"idPresupuesto":65,"idHogar":1,"idCategoria":15,"montoLimite":164,"mesAnio":"2026-04-01T00:00:00.0000000Z"}

POST /api/Presupuestos -> 201
RespBody: {"idPresupuesto":66,"idHogar":1,"idCategoria":16,"montoLimite":165,"mesAnio":"2026-05-01T00:00:00.0000000Z"}

POST /api/Presupuestos -> 201
RespBody: {"idPresupuesto":67,"idHogar":1,"idCategoria":17,"montoLimite":166,"mesAnio":"2026-06-01T00:00:00.0000000Z"}

POST /api/Presupuestos -> 201
RespBody: {"idPresupuesto":68,"idHogar":1,"idCategoria":18,"montoLimite":167,"mesAnio":"2026-07-01T00:00:00.0000000Z"}

POST /api/Presupuestos -> 201
RespBody: {"idPresupuesto":69,"idHogar":1,"idCategoria":19,"montoLimite":168,"mesAnio":"2026-08-01T00:00:00.0000000Z"}

POST /api/Presupuestos -> 201
RespBody: {"idPresupuesto":70,"idHogar":1,"idCategoria":20,"montoLimite":169,"mesAnio":"2026-09-01T00:00:00.0000000Z"}

POST /api/Presupuestos -> 201
RespBody: {"idPresupuesto":71,"idHogar":1,"idCategoria":21,"montoLimite":170,"mesAnio":"2026-10-01T00:00:00.0000000Z"}

POST /api/Presupuestos -> 201
RespBody: {"idPresupuesto":72,"idHogar":1,"idCategoria":22,"montoLimite":171,"mesAnio":"2026-11-01T00:00:00.0000000Z"}

POST /api/Presupuestos -> 201
RespBody: {"idPresupuesto":73,"idHogar":1,"idCategoria":23,"montoLimite":172,"mesAnio":"2026-12-01T00:00:00.0000000Z"}

POST /api/Presupuestos -> 201
RespBody: {"idPresupuesto":74,"idHogar":1,"idCategoria":24,"montoLimite":173,"mesAnio":"2026-01-01T00:00:00.0000000Z"}

POST /api/Presupuestos -> 201
RespBody: {"idPresupuesto":75,"idHogar":1,"idCategoria":25,"montoLimite":174,"mesAnio":"2026-02-01T00:00:00.0000000Z"}

POST /api/Presupuestos -> 201
RespBody: {"idPresupuesto":76,"idHogar":1,"idCategoria":26,"montoLimite":175,"mesAnio":"2026-03-01T00:00:00.0000000Z"}

POST /api/Presupuestos -> 201
RespBody: {"idPresupuesto":77,"idHogar":1,"idCategoria":27,"montoLimite":176,"mesAnio":"2026-04-01T00:00:00.0000000Z"}

POST /api/Presupuestos -> 201
RespBody: {"idPresupuesto":78,"idHogar":1,"idCategoria":28,"montoLimite":177,"mesAnio":"2026-05-01T00:00:00.0000000Z"}

POST /api/Presupuestos -> 201
RespBody: {"idPresupuesto":79,"idHogar":1,"idCategoria":29,"montoLimite":178,"mesAnio":"2026-06-01T00:00:00.0000000Z"}

POST /api/Presupuestos -> 201
RespBody: {"idPresupuesto":80,"idHogar":1,"idCategoria":30,"montoLimite":179,"mesAnio":"2026-07-01T00:00:00.0000000Z"}

POST /api/Presupuestos -> 201
RespBody: {"idPresupuesto":81,"idHogar":1,"idCategoria":31,"montoLimite":180,"mesAnio":"2026-08-01T00:00:00.0000000Z"}

POST /api/Presupuestos -> 201
RespBody: {"idPresupuesto":82,"idHogar":1,"idCategoria":32,"montoLimite":181,"mesAnio":"2026-09-01T00:00:00.0000000Z"}

POST /api/Presupuestos -> 201
RespBody: {"idPresupuesto":83,"idHogar":1,"idCategoria":33,"montoLimite":182,"mesAnio":"2026-10-01T00:00:00.0000000Z"}

POST /api/Presupuestos -> 201
RespBody: {"idPresupuesto":84,"idHogar":1,"idCategoria":34,"montoLimite":183,"mesAnio":"2026-11-01T00:00:00.0000000Z"}

POST /api/Presupuestos -> 201
RespBody: {"idPresupuesto":85,"idHogar":1,"idCategoria":35,"montoLimite":184,"mesAnio":"2026-12-01T00:00:00.0000000Z"}

POST /api/Presupuestos -> 201
RespBody: {"idPresupuesto":86,"idHogar":1,"idCategoria":36,"montoLimite":185,"mesAnio":"2026-01-01T00:00:00.0000000Z"}

POST /api/Presupuestos -> 201
RespBody: {"idPresupuesto":87,"idHogar":1,"idCategoria":37,"montoLimite":186,"mesAnio":"2026-02-01T00:00:00.0000000Z"}

POST /api/Presupuestos -> 201
RespBody: {"idPresupuesto":88,"idHogar":1,"idCategoria":38,"montoLimite":187,"mesAnio":"2026-03-01T00:00:00.0000000Z"}

POST /api/Presupuestos -> 201
RespBody: {"idPresupuesto":89,"idHogar":1,"idCategoria":39,"montoLimite":188,"mesAnio":"2026-04-01T00:00:00.0000000Z"}

POST /api/Presupuestos -> 201
RespBody: {"idPresupuesto":90,"idHogar":1,"idCategoria":40,"montoLimite":189,"mesAnio":"2026-05-01T00:00:00.0000000Z"}

POST /api/Presupuestos -> 201
RespBody: {"idPresupuesto":91,"idHogar":1,"idCategoria":41,"montoLimite":190,"mesAnio":"2026-06-01T00:00:00.0000000Z"}

POST /api/Presupuestos -> 201
RespBody: {"idPresupuesto":92,"idHogar":1,"idCategoria":42,"montoLimite":191,"mesAnio":"2026-07-01T00:00:00.0000000Z"}

POST /api/Presupuestos -> 201
RespBody: {"idPresupuesto":93,"idHogar":1,"idCategoria":43,"montoLimite":192,"mesAnio":"2026-08-01T00:00:00.0000000Z"}

POST /api/Presupuestos -> 201
RespBody: {"idPresupuesto":94,"idHogar":1,"idCategoria":44,"montoLimite":193,"mesAnio":"2026-09-01T00:00:00.0000000Z"}

POST /api/Presupuestos -> 201
RespBody: {"idPresupuesto":95,"idHogar":1,"idCategoria":45,"montoLimite":194,"mesAnio":"2026-10-01T00:00:00.0000000Z"}

POST /api/Presupuestos -> 201
RespBody: {"idPresupuesto":96,"idHogar":1,"idCategoria":46,"montoLimite":195,"mesAnio":"2026-11-01T00:00:00.0000000Z"}

POST /api/Presupuestos -> 201
RespBody: {"idPresupuesto":97,"idHogar":1,"idCategoria":47,"montoLimite":196,"mesAnio":"2026-12-01T00:00:00.0000000Z"}

POST /api/Presupuestos -> 201
RespBody: {"idPresupuesto":98,"idHogar":1,"idCategoria":48,"montoLimite":197,"mesAnio":"2026-01-01T00:00:00.0000000Z"}

POST /api/Presupuestos -> 201
RespBody: {"idPresupuesto":99,"idHogar":1,"idCategoria":49,"montoLimite":198,"mesAnio":"2026-02-01T00:00:00.0000000Z"}

POST /api/Presupuestos -> 201
RespBody: {"idPresupuesto":100,"idHogar":1,"idCategoria":50,"montoLimite":199,"mesAnio":"2026-03-01T00:00:00.0000000Z"}

POST /api/Presupuestos -> 201
RespBody: {"idPresupuesto":101,"idHogar":1,"idCategoria":1,"montoLimite":200,"mesAnio":"2026-04-01T00:00:00.0000000Z"}

POST /api/Presupuestos -> 201
RespBody: {"idPresupuesto":102,"idHogar":1,"idCategoria":2,"montoLimite":201,"mesAnio":"2026-05-01T00:00:00.0000000Z"}

POST /api/Presupuestos -> 201
RespBody: {"idPresupuesto":103,"idHogar":1,"idCategoria":3,"montoLimite":202,"mesAnio":"2026-06-01T00:00:00.0000000Z"}

POST /api/Presupuestos -> 201
RespBody: {"idPresupuesto":104,"idHogar":1,"idCategoria":4,"montoLimite":203,"mesAnio":"2026-07-01T00:00:00.0000000Z"}

POST /api/Presupuestos -> 201
RespBody: {"idPresupuesto":105,"idHogar":1,"idCategoria":5,"montoLimite":204,"mesAnio":"2026-08-01T00:00:00.0000000Z"}

POST /api/Presupuestos -> 201
RespBody: {"idPresupuesto":106,"idHogar":1,"idCategoria":6,"montoLimite":205,"mesAnio":"2026-09-01T00:00:00.0000000Z"}

POST /api/Presupuestos -> 201
RespBody: {"idPresupuesto":107,"idHogar":1,"idCategoria":7,"montoLimite":206,"mesAnio":"2026-10-01T00:00:00.0000000Z"}

POST /api/Presupuestos -> 201
RespBody: {"idPresupuesto":108,"idHogar":1,"idCategoria":8,"montoLimite":207,"mesAnio":"2026-11-01T00:00:00.0000000Z"}

POST /api/Presupuestos -> 201
RespBody: {"idPresupuesto":109,"idHogar":1,"idCategoria":9,"montoLimite":208,"mesAnio":"2026-12-01T00:00:00.0000000Z"}

POST /api/Presupuestos -> 201
RespBody: {"idPresupuesto":110,"idHogar":1,"idCategoria":10,"montoLimite":209,"mesAnio":"2026-01-01T00:00:00.0000000Z"}

POST /api/Presupuestos -> 201
RespBody: {"idPresupuesto":111,"idHogar":1,"idCategoria":11,"montoLimite":210,"mesAnio":"2026-02-01T00:00:00.0000000Z"}

POST /api/Presupuestos -> 201
RespBody: {"idPresupuesto":112,"idHogar":1,"idCategoria":12,"montoLimite":211,"mesAnio":"2026-03-01T00:00:00.0000000Z"}

POST /api/Presupuestos -> 201
RespBody: {"idPresupuesto":113,"idHogar":1,"idCategoria":13,"montoLimite":212,"mesAnio":"2026-04-01T00:00:00.0000000Z"}

POST /api/Presupuestos -> 201
RespBody: {"idPresupuesto":114,"idHogar":1,"idCategoria":14,"montoLimite":213,"mesAnio":"2026-05-01T00:00:00.0000000Z"}

POST /api/Presupuestos -> 201
RespBody: {"idPresupuesto":115,"idHogar":1,"idCategoria":15,"montoLimite":214,"mesAnio":"2026-06-01T00:00:00.0000000Z"}

POST /api/Presupuestos -> 201
RespBody: {"idPresupuesto":116,"idHogar":1,"idCategoria":16,"montoLimite":215,"mesAnio":"2026-07-01T00:00:00.0000000Z"}

POST /api/Presupuestos -> 201
RespBody: {"idPresupuesto":117,"idHogar":1,"idCategoria":17,"montoLimite":216,"mesAnio":"2026-08-01T00:00:00.0000000Z"}

POST /api/Presupuestos -> 201
RespBody: {"idPresupuesto":118,"idHogar":1,"idCategoria":18,"montoLimite":217,"mesAnio":"2026-09-01T00:00:00.0000000Z"}

POST /api/Presupuestos -> 201
RespBody: {"idPresupuesto":119,"idHogar":1,"idCategoria":19,"montoLimite":218,"mesAnio":"2026-10-01T00:00:00.0000000Z"}

POST /api/Presupuestos -> 201
RespBody: {"idPresupuesto":120,"idHogar":1,"idCategoria":20,"montoLimite":219,"mesAnio":"2026-11-01T00:00:00.0000000Z"}

POST /api/Presupuestos -> 201
RespBody: {"idPresupuesto":121,"idHogar":1,"idCategoria":21,"montoLimite":220,"mesAnio":"2026-12-01T00:00:00.0000000Z"}

POST /api/Presupuestos -> 201
RespBody: {"idPresupuesto":122,"idHogar":1,"idCategoria":22,"montoLimite":221,"mesAnio":"2026-01-01T00:00:00.0000000Z"}

POST /api/Presupuestos -> 201
RespBody: {"idPresupuesto":123,"idHogar":1,"idCategoria":23,"montoLimite":222,"mesAnio":"2026-02-01T00:00:00.0000000Z"}

POST /api/Presupuestos -> 201
RespBody: {"idPresupuesto":124,"idHogar":1,"idCategoria":24,"montoLimite":223,"mesAnio":"2026-03-01T00:00:00.0000000Z"}

POST /api/Presupuestos -> 201
RespBody: {"idPresupuesto":125,"idHogar":1,"idCategoria":25,"montoLimite":224,"mesAnio":"2026-04-01T00:00:00.0000000Z"}

POST /api/Presupuestos -> 201
RespBody: {"idPresupuesto":126,"idHogar":1,"idCategoria":26,"montoLimite":225,"mesAnio":"2026-05-01T00:00:00.0000000Z"}

POST /api/Presupuestos -> 201
RespBody: {"idPresupuesto":127,"idHogar":1,"idCategoria":27,"montoLimite":226,"mesAnio":"2026-06-01T00:00:00.0000000Z"}

POST /api/Presupuestos -> 201
RespBody: {"idPresupuesto":128,"idHogar":1,"idCategoria":28,"montoLimite":227,"mesAnio":"2026-07-01T00:00:00.0000000Z"}

POST /api/Presupuestos -> 201
RespBody: {"idPresupuesto":129,"idHogar":1,"idCategoria":29,"montoLimite":228,"mesAnio":"2026-08-01T00:00:00.0000000Z"}

POST /api/Presupuestos -> 201
RespBody: {"idPresupuesto":130,"idHogar":1,"idCategoria":30,"montoLimite":229,"mesAnio":"2026-09-01T00:00:00.0000000Z"}

POST /api/Presupuestos -> 201
RespBody: {"idPresupuesto":131,"idHogar":1,"idCategoria":31,"montoLimite":230,"mesAnio":"2026-10-01T00:00:00.0000000Z"}

POST /api/Presupuestos -> 201
RespBody: {"idPresupuesto":132,"idHogar":1,"idCategoria":32,"montoLimite":231,"mesAnio":"2026-11-01T00:00:00.0000000Z"}

POST /api/Presupuestos -> 201
RespBody: {"idPresupuesto":133,"idHogar":1,"idCategoria":33,"montoLimite":232,"mesAnio":"2026-12-01T00:00:00.0000000Z"}

POST /api/Presupuestos -> 201
RespBody: {"idPresupuesto":134,"idHogar":1,"idCategoria":34,"montoLimite":233,"mesAnio":"2026-01-01T00:00:00.0000000Z"}

POST /api/Presupuestos -> 201
RespBody: {"idPresupuesto":135,"idHogar":1,"idCategoria":35,"montoLimite":234,"mesAnio":"2026-02-01T00:00:00.0000000Z"}

POST /api/Presupuestos -> 201
RespBody: {"idPresupuesto":136,"idHogar":1,"idCategoria":36,"montoLimite":235,"mesAnio":"2026-03-01T00:00:00.0000000Z"}

POST /api/Presupuestos -> 201
RespBody: {"idPresupuesto":137,"idHogar":1,"idCategoria":37,"montoLimite":236,"mesAnio":"2026-04-01T00:00:00.0000000Z"}

POST /api/Presupuestos -> 201
RespBody: {"idPresupuesto":138,"idHogar":1,"idCategoria":38,"montoLimite":237,"mesAnio":"2026-05-01T00:00:00.0000000Z"}

POST /api/Presupuestos -> 201
RespBody: {"idPresupuesto":139,"idHogar":1,"idCategoria":39,"montoLimite":238,"mesAnio":"2026-06-01T00:00:00.0000000Z"}

POST /api/Presupuestos -> 201
RespBody: {"idPresupuesto":140,"idHogar":1,"idCategoria":40,"montoLimite":239,"mesAnio":"2026-07-01T00:00:00.0000000Z"}

POST /api/Presupuestos -> 201
RespBody: {"idPresupuesto":141,"idHogar":1,"idCategoria":41,"montoLimite":240,"mesAnio":"2026-08-01T00:00:00.0000000Z"}

POST /api/Presupuestos -> 201
RespBody: {"idPresupuesto":142,"idHogar":1,"idCategoria":42,"montoLimite":241,"mesAnio":"2026-09-01T00:00:00.0000000Z"}

POST /api/Presupuestos -> 201
RespBody: {"idPresupuesto":143,"idHogar":1,"idCategoria":43,"montoLimite":242,"mesAnio":"2026-10-01T00:00:00.0000000Z"}

POST /api/Presupuestos -> 201
RespBody: {"idPresupuesto":144,"idHogar":1,"idCategoria":44,"montoLimite":243,"mesAnio":"2026-11-01T00:00:00.0000000Z"}

POST /api/Presupuestos -> 201
RespBody: {"idPresupuesto":145,"idHogar":1,"idCategoria":45,"montoLimite":244,"mesAnio":"2026-12-01T00:00:00.0000000Z"}

POST /api/Presupuestos -> 201
RespBody: {"idPresupuesto":146,"idHogar":1,"idCategoria":46,"montoLimite":245,"mesAnio":"2026-01-01T00:00:00.0000000Z"}

POST /api/Presupuestos -> 201
RespBody: {"idPresupuesto":147,"idHogar":1,"idCategoria":47,"montoLimite":246,"mesAnio":"2026-02-01T00:00:00.0000000Z"}

POST /api/Presupuestos -> 201
RespBody: {"idPresupuesto":148,"idHogar":1,"idCategoria":48,"montoLimite":247,"mesAnio":"2026-03-01T00:00:00.0000000Z"}

POST /api/Presupuestos -> 201
RespBody: {"idPresupuesto":149,"idHogar":1,"idCategoria":49,"montoLimite":248,"mesAnio":"2026-04-01T00:00:00.0000000Z"}

POST /api/Presupuestos -> 201
RespBody: {"idPresupuesto":150,"idHogar":1,"idCategoria":50,"montoLimite":249,"mesAnio":"2026-05-01T00:00:00.0000000Z"}

POST /api/Presupuestos -> 201
RespBody: {"idPresupuesto":151,"idHogar":1,"idCategoria":1,"montoLimite":250,"mesAnio":"2026-06-01T00:00:00.0000000Z"}

POST /api/Presupuestos -> 201
RespBody: {"idPresupuesto":152,"idHogar":1,"idCategoria":2,"montoLimite":251,"mesAnio":"2026-07-01T00:00:00.0000000Z"}

POST /api/Presupuestos -> 201
RespBody: {"idPresupuesto":153,"idHogar":1,"idCategoria":3,"montoLimite":252,"mesAnio":"2026-08-01T00:00:00.0000000Z"}

POST /api/Presupuestos -> 201
RespBody: {"idPresupuesto":154,"idHogar":1,"idCategoria":4,"montoLimite":253,"mesAnio":"2026-09-01T00:00:00.0000000Z"}

POST /api/Presupuestos -> 201
RespBody: {"idPresupuesto":155,"idHogar":1,"idCategoria":5,"montoLimite":254,"mesAnio":"2026-10-01T00:00:00.0000000Z"}

POST /api/Presupuestos -> 201
RespBody: {"idPresupuesto":156,"idHogar":1,"idCategoria":6,"montoLimite":255,"mesAnio":"2026-11-01T00:00:00.0000000Z"}

POST /api/Presupuestos -> 201
RespBody: {"idPresupuesto":157,"idHogar":1,"idCategoria":7,"montoLimite":256,"mesAnio":"2026-12-01T00:00:00.0000000Z"}

POST /api/Presupuestos -> 201
RespBody: {"idPresupuesto":158,"idHogar":1,"idCategoria":8,"montoLimite":257,"mesAnio":"2026-01-01T00:00:00.0000000Z"}

POST /api/Presupuestos -> 201
RespBody: {"idPresupuesto":159,"idHogar":1,"idCategoria":9,"montoLimite":258,"mesAnio":"2026-02-01T00:00:00.0000000Z"}

POST /api/Presupuestos -> 201
RespBody: {"idPresupuesto":160,"idHogar":1,"idCategoria":10,"montoLimite":259,"mesAnio":"2026-03-01T00:00:00.0000000Z"}

POST /api/Presupuestos -> 201
RespBody: {"idPresupuesto":161,"idHogar":1,"idCategoria":11,"montoLimite":260,"mesAnio":"2026-04-01T00:00:00.0000000Z"}

POST /api/Presupuestos -> 201
RespBody: {"idPresupuesto":162,"idHogar":1,"idCategoria":12,"montoLimite":261,"mesAnio":"2026-05-01T00:00:00.0000000Z"}

POST /api/Presupuestos -> 201
RespBody: {"idPresupuesto":163,"idHogar":1,"idCategoria":13,"montoLimite":262,"mesAnio":"2026-06-01T00:00:00.0000000Z"}

POST /api/Presupuestos -> 201
RespBody: {"idPresupuesto":164,"idHogar":1,"idCategoria":14,"montoLimite":263,"mesAnio":"2026-07-01T00:00:00.0000000Z"}

POST /api/Presupuestos -> 201
RespBody: {"idPresupuesto":165,"idHogar":1,"idCategoria":15,"montoLimite":264,"mesAnio":"2026-08-01T00:00:00.0000000Z"}

POST /api/Presupuestos -> 201
RespBody: {"idPresupuesto":166,"idHogar":1,"idCategoria":16,"montoLimite":265,"mesAnio":"2026-09-01T00:00:00.0000000Z"}

POST /api/Presupuestos -> 201
RespBody: {"idPresupuesto":167,"idHogar":1,"idCategoria":17,"montoLimite":266,"mesAnio":"2026-10-01T00:00:00.0000000Z"}

POST /api/Presupuestos -> 201
RespBody: {"idPresupuesto":168,"idHogar":1,"idCategoria":18,"montoLimite":267,"mesAnio":"2026-11-01T00:00:00.0000000Z"}

POST /api/Presupuestos -> 201
RespBody: {"idPresupuesto":169,"idHogar":1,"idCategoria":19,"montoLimite":268,"mesAnio":"2026-12-01T00:00:00.0000000Z"}

POST /api/Presupuestos -> 201
RespBody: {"idPresupuesto":170,"idHogar":1,"idCategoria":20,"montoLimite":269,"mesAnio":"2026-01-01T00:00:00.0000000Z"}

POST /api/Presupuestos -> 201
RespBody: {"idPresupuesto":171,"idHogar":1,"idCategoria":21,"montoLimite":270,"mesAnio":"2026-02-01T00:00:00.0000000Z"}

POST /api/Presupuestos -> 201
RespBody: {"idPresupuesto":172,"idHogar":1,"idCategoria":22,"montoLimite":271,"mesAnio":"2026-03-01T00:00:00.0000000Z"}

POST /api/Presupuestos -> 201
RespBody: {"idPresupuesto":173,"idHogar":1,"idCategoria":23,"montoLimite":272,"mesAnio":"2026-04-01T00:00:00.0000000Z"}

POST /api/Presupuestos -> 201
RespBody: {"idPresupuesto":174,"idHogar":1,"idCategoria":24,"montoLimite":273,"mesAnio":"2026-05-01T00:00:00.0000000Z"}

POST /api/Presupuestos -> 201
RespBody: {"idPresupuesto":175,"idHogar":1,"idCategoria":25,"montoLimite":274,"mesAnio":"2026-06-01T00:00:00.0000000Z"}

POST /api/Presupuestos -> 201
RespBody: {"idPresupuesto":176,"idHogar":1,"idCategoria":26,"montoLimite":275,"mesAnio":"2026-07-01T00:00:00.0000000Z"}

POST /api/Presupuestos -> 201
RespBody: {"idPresupuesto":177,"idHogar":1,"idCategoria":27,"montoLimite":276,"mesAnio":"2026-08-01T00:00:00.0000000Z"}

POST /api/Presupuestos -> 201
RespBody: {"idPresupuesto":178,"idHogar":1,"idCategoria":28,"montoLimite":277,"mesAnio":"2026-09-01T00:00:00.0000000Z"}

POST /api/Presupuestos -> 201
RespBody: {"idPresupuesto":179,"idHogar":1,"idCategoria":29,"montoLimite":278,"mesAnio":"2026-10-01T00:00:00.0000000Z"}

POST /api/Presupuestos -> 201
RespBody: {"idPresupuesto":180,"idHogar":1,"idCategoria":30,"montoLimite":279,"mesAnio":"2026-11-01T00:00:00.0000000Z"}

POST /api/Presupuestos -> 201
RespBody: {"idPresupuesto":181,"idHogar":1,"idCategoria":31,"montoLimite":280,"mesAnio":"2026-12-01T00:00:00.0000000Z"}

POST /api/Presupuestos -> 201
RespBody: {"idPresupuesto":182,"idHogar":1,"idCategoria":32,"montoLimite":281,"mesAnio":"2026-01-01T00:00:00.0000000Z"}

POST /api/Presupuestos -> 201
RespBody: {"idPresupuesto":183,"idHogar":1,"idCategoria":33,"montoLimite":282,"mesAnio":"2026-02-01T00:00:00.0000000Z"}

POST /api/Presupuestos -> 201
RespBody: {"idPresupuesto":184,"idHogar":1,"idCategoria":34,"montoLimite":283,"mesAnio":"2026-03-01T00:00:00.0000000Z"}

POST /api/Presupuestos -> 201
RespBody: {"idPresupuesto":185,"idHogar":1,"idCategoria":35,"montoLimite":284,"mesAnio":"2026-04-01T00:00:00.0000000Z"}

POST /api/Presupuestos -> 201
RespBody: {"idPresupuesto":186,"idHogar":1,"idCategoria":36,"montoLimite":285,"mesAnio":"2026-05-01T00:00:00.0000000Z"}

POST /api/Presupuestos -> 201
RespBody: {"idPresupuesto":187,"idHogar":1,"idCategoria":37,"montoLimite":286,"mesAnio":"2026-06-01T00:00:00.0000000Z"}

POST /api/Presupuestos -> 201
RespBody: {"idPresupuesto":188,"idHogar":1,"idCategoria":38,"montoLimite":287,"mesAnio":"2026-07-01T00:00:00.0000000Z"}

POST /api/Presupuestos -> 201
RespBody: {"idPresupuesto":189,"idHogar":1,"idCategoria":39,"montoLimite":288,"mesAnio":"2026-08-01T00:00:00.0000000Z"}

POST /api/Presupuestos -> 201
RespBody: {"idPresupuesto":190,"idHogar":1,"idCategoria":40,"montoLimite":289,"mesAnio":"2026-09-01T00:00:00.0000000Z"}

POST /api/Presupuestos -> 201
RespBody: {"idPresupuesto":191,"idHogar":1,"idCategoria":41,"montoLimite":290,"mesAnio":"2026-10-01T00:00:00.0000000Z"}

POST /api/Presupuestos -> 201
RespBody: {"idPresupuesto":192,"idHogar":1,"idCategoria":42,"montoLimite":291,"mesAnio":"2026-11-01T00:00:00.0000000Z"}

POST /api/Presupuestos -> 201
RespBody: {"idPresupuesto":193,"idHogar":1,"idCategoria":43,"montoLimite":292,"mesAnio":"2026-12-01T00:00:00.0000000Z"}

POST /api/Presupuestos -> 201
RespBody: {"idPresupuesto":194,"idHogar":1,"idCategoria":44,"montoLimite":293,"mesAnio":"2026-01-01T00:00:00.0000000Z"}

POST /api/Presupuestos -> 201
RespBody: {"idPresupuesto":195,"idHogar":1,"idCategoria":45,"montoLimite":294,"mesAnio":"2026-02-01T00:00:00.0000000Z"}

POST /api/Presupuestos -> 201
RespBody: {"idPresupuesto":196,"idHogar":1,"idCategoria":46,"montoLimite":295,"mesAnio":"2026-03-01T00:00:00.0000000Z"}

POST /api/Presupuestos -> 201
RespBody: {"idPresupuesto":197,"idHogar":1,"idCategoria":47,"montoLimite":296,"mesAnio":"2026-04-01T00:00:00.0000000Z"}

POST /api/Presupuestos -> 201
RespBody: {"idPresupuesto":198,"idHogar":1,"idCategoria":48,"montoLimite":297,"mesAnio":"2026-05-01T00:00:00.0000000Z"}

POST /api/Presupuestos -> 201
RespBody: {"idPresupuesto":199,"idHogar":1,"idCategoria":49,"montoLimite":298,"mesAnio":"2026-06-01T00:00:00.0000000Z"}

POST /api/Presupuestos -> 201
RespBody: {"idPresupuesto":200,"idHogar":1,"idCategoria":50,"montoLimite":299,"mesAnio":"2026-07-01T00:00:00.0000000Z"}

POST /api/Presupuestos -> 201
RespBody: {"idPresupuesto":201,"idHogar":1,"idCategoria":1,"montoLimite":300,"mesAnio":"2026-08-01T00:00:00.0000000Z"}

POST /api/Movimientos -> 201
RespBody: {"idMovimiento":1,"idHogar":1,"idUsuario":1,"idCategoria":2,"monto":7.5,"fecha":"2026-01-01T00:01:00.0000000Z","tipo":"Ingreso","descripcion":"Mov 1","origenEmisora":"Banco Perf"}

POST /api/Movimientos -> 201
RespBody: {"idMovimiento":2,"idHogar":1,"idUsuario":1,"idCategoria":1,"monto":14.5,"fecha":"2026-01-01T00:02:00.0000000Z","tipo":"Gasto","descripcion":"Mov 2","origenEmisora":"Banco Perf"}

POST /api/Movimientos -> 201
RespBody: {"idMovimiento":3,"idHogar":1,"idUsuario":1,"idCategoria":2,"monto":21.5,"fecha":"2026-01-01T00:03:00.0000000Z","tipo":"Ingreso","descripcion":"Mov 3","origenEmisora":"Banco Perf"}

POST /api/Movimientos -> 201
RespBody: {"idMovimiento":4,"idHogar":1,"idUsuario":1,"idCategoria":1,"monto":28.5,"fecha":"2026-01-01T00:04:00.0000000Z","tipo":"Gasto","descripcion":"Mov 4","origenEmisora":"Banco Perf"}

POST /api/Movimientos -> 201
RespBody: {"idMovimiento":5,"idHogar":1,"idUsuario":1,"idCategoria":2,"monto":35.5,"fecha":"2026-01-01T00:05:00.0000000Z","tipo":"Ingreso","descripcion":"Mov 5","origenEmisora":"Banco Perf"}

POST /api/Movimientos -> 201
RespBody: {"idMovimiento":6,"idHogar":1,"idUsuario":1,"idCategoria":1,"monto":42.5,"fecha":"2026-01-01T00:06:00.0000000Z","tipo":"Gasto","descripcion":"Mov 6","origenEmisora":"Banco Perf"}

POST /api/Movimientos -> 201
RespBody: {"idMovimiento":7,"idHogar":1,"idUsuario":1,"idCategoria":2,"monto":49.5,"fecha":"2026-01-01T00:07:00.0000000Z","tipo":"Ingreso","descripcion":"Mov 7","origenEmisora":"Banco Perf"}

POST /api/Movimientos -> 201
RespBody: {"idMovimiento":8,"idHogar":1,"idUsuario":1,"idCategoria":1,"monto":56.5,"fecha":"2026-01-01T00:08:00.0000000Z","tipo":"Gasto","descripcion":"Mov 8","origenEmisora":"Banco Perf"}

POST /api/Movimientos -> 201
RespBody: {"idMovimiento":9,"idHogar":1,"idUsuario":1,"idCategoria":2,"monto":63.5,"fecha":"2026-01-01T00:09:00.0000000Z","tipo":"Ingreso","descripcion":"Mov 9","origenEmisora":"Banco Perf"}

POST /api/Movimientos -> 201
RespBody: {"idMovimiento":10,"idHogar":1,"idUsuario":1,"idCategoria":1,"monto":70.5,"fecha":"2026-01-01T00:10:00.0000000Z","tipo":"Gasto","descripcion":"Mov 10","origenEmisora":"Banco Perf"}

POST /api/Movimientos -> 201
RespBody: {"idMovimiento":11,"idHogar":1,"idUsuario":1,"idCategoria":2,"monto":77.5,"fecha":"2026-01-01T00:11:00.0000000Z","tipo":"Ingreso","descripcion":"Mov 11","origenEmisora":"Banco Perf"}

POST /api/Movimientos -> 201
RespBody: {"idMovimiento":12,"idHogar":1,"idUsuario":1,"idCategoria":1,"monto":84.5,"fecha":"2026-01-01T00:12:00.0000000Z","tipo":"Gasto","descripcion":"Mov 12","origenEmisora":"Banco Perf"}

POST /api/Movimientos -> 201
RespBody: {"idMovimiento":13,"idHogar":1,"idUsuario":1,"idCategoria":2,"monto":91.5,"fecha":"2026-01-01T00:13:00.0000000Z","tipo":"Ingreso","descripcion":"Mov 13","origenEmisora":"Banco Perf"}

POST /api/Movimientos -> 201
RespBody: {"idMovimiento":14,"idHogar":1,"idUsuario":1,"idCategoria":1,"monto":98.5,"fecha":"2026-01-01T00:14:00.0000000Z","tipo":"Gasto","descripcion":"Mov 14","origenEmisora":"Banco Perf"}

POST /api/Movimientos -> 201
RespBody: {"idMovimiento":15,"idHogar":1,"idUsuario":1,"idCategoria":2,"monto":105.5,"fecha":"2026-01-01T00:15:00.0000000Z","tipo":"Ingreso","descripcion":"Mov 15","origenEmisora":"Banco Perf"}

POST /api/Movimientos -> 201
RespBody: {"idMovimiento":16,"idHogar":1,"idUsuario":1,"idCategoria":1,"monto":112.5,"fecha":"2026-01-01T00:16:00.0000000Z","tipo":"Gasto","descripcion":"Mov 16","origenEmisora":"Banco Perf"}

POST /api/Movimientos -> 201
RespBody: {"idMovimiento":17,"idHogar":1,"idUsuario":1,"idCategoria":2,"monto":119.5,"fecha":"2026-01-01T00:17:00.0000000Z","tipo":"Ingreso","descripcion":"Mov 17","origenEmisora":"Banco Perf"}

POST /api/Movimientos -> 201
RespBody: {"idMovimiento":18,"idHogar":1,"idUsuario":1,"idCategoria":1,"monto":126.5,"fecha":"2026-01-01T00:18:00.0000000Z","tipo":"Gasto","descripcion":"Mov 18","origenEmisora":"Banco Perf"}

POST /api/Movimientos -> 201
RespBody: {"idMovimiento":19,"idHogar":1,"idUsuario":1,"idCategoria":2,"monto":133.5,"fecha":"2026-01-01T00:19:00.0000000Z","tipo":"Ingreso","descripcion":"Mov 19","origenEmisora":"Banco Perf"}

POST /api/Movimientos -> 201
RespBody: {"idMovimiento":20,"idHogar":1,"idUsuario":1,"idCategoria":1,"monto":140.5,"fecha":"2026-01-01T00:20:00.0000000Z","tipo":"Gasto","descripcion":"Mov 20","origenEmisora":"Banco Perf"}

POST /api/Movimientos -> 201
RespBody: {"idMovimiento":21,"idHogar":1,"idUsuario":1,"idCategoria":2,"monto":147.5,"fecha":"2026-01-01T00:21:00.0000000Z","tipo":"Ingreso","descripcion":"Mov 21","origenEmisora":"Banco Perf"}

POST /api/Movimientos -> 201
RespBody: {"idMovimiento":22,"idHogar":1,"idUsuario":1,"idCategoria":1,"monto":154.5,"fecha":"2026-01-01T00:22:00.0000000Z","tipo":"Gasto","descripcion":"Mov 22","origenEmisora":"Banco Perf"}

POST /api/Movimientos -> 201
RespBody: {"idMovimiento":23,"idHogar":1,"idUsuario":1,"idCategoria":2,"monto":161.5,"fecha":"2026-01-01T00:23:00.0000000Z","tipo":"Ingreso","descripcion":"Mov 23","origenEmisora":"Banco Perf"}

POST /api/Movimientos -> 201
RespBody: {"idMovimiento":24,"idHogar":1,"idUsuario":1,"idCategoria":1,"monto":168.5,"fecha":"2026-01-01T00:24:00.0000000Z","tipo":"Gasto","descripcion":"Mov 24","origenEmisora":"Banco Perf"}

POST /api/Movimientos -> 201
RespBody: {"idMovimiento":25,"idHogar":1,"idUsuario":1,"idCategoria":2,"monto":175.5,"fecha":"2026-01-01T00:25:00.0000000Z","tipo":"Ingreso","descripcion":"Mov 25","origenEmisora":"Banco Perf"}

POST /api/Movimientos -> 201
RespBody: {"idMovimiento":26,"idHogar":1,"idUsuario":1,"idCategoria":1,"monto":182.5,"fecha":"2026-01-01T00:26:00.0000000Z","tipo":"Gasto","descripcion":"Mov 26","origenEmisora":"Banco Perf"}

POST /api/Movimientos -> 201
RespBody: {"idMovimiento":27,"idHogar":1,"idUsuario":1,"idCategoria":2,"monto":189.5,"fecha":"2026-01-01T00:27:00.0000000Z","tipo":"Ingreso","descripcion":"Mov 27","origenEmisora":"Banco Perf"}

POST /api/Movimientos -> 201
RespBody: {"idMovimiento":28,"idHogar":1,"idUsuario":1,"idCategoria":1,"monto":196.5,"fecha":"2026-01-01T00:28:00.0000000Z","tipo":"Gasto","descripcion":"Mov 28","origenEmisora":"Banco Perf"}

POST /api/Movimientos -> 201
RespBody: {"idMovimiento":29,"idHogar":1,"idUsuario":1,"idCategoria":2,"monto":203.5,"fecha":"2026-01-01T00:29:00.0000000Z","tipo":"Ingreso","descripcion":"Mov 29","origenEmisora":"Banco Perf"}

POST /api/Movimientos -> 201
RespBody: {"idMovimiento":30,"idHogar":1,"idUsuario":1,"idCategoria":1,"monto":210.5,"fecha":"2026-01-01T00:30:00.0000000Z","tipo":"Gasto","descripcion":"Mov 30","origenEmisora":"Banco Perf"}

POST /api/Movimientos -> 201
RespBody: {"idMovimiento":31,"idHogar":1,"idUsuario":1,"idCategoria":2,"monto":217.5,"fecha":"2026-01-01T00:31:00.0000000Z","tipo":"Ingreso","descripcion":"Mov 31","origenEmisora":"Banco Perf"}

POST /api/Movimientos -> 201
RespBody: {"idMovimiento":32,"idHogar":1,"idUsuario":1,"idCategoria":1,"monto":224.5,"fecha":"2026-01-01T00:32:00.0000000Z","tipo":"Gasto","descripcion":"Mov 32","origenEmisora":"Banco Perf"}

POST /api/Movimientos -> 201
RespBody: {"idMovimiento":33,"idHogar":1,"idUsuario":1,"idCategoria":2,"monto":231.5,"fecha":"2026-01-01T00:33:00.0000000Z","tipo":"Ingreso","descripcion":"Mov 33","origenEmisora":"Banco Perf"}

POST /api/Movimientos -> 201
RespBody: {"idMovimiento":34,"idHogar":1,"idUsuario":1,"idCategoria":1,"monto":238.5,"fecha":"2026-01-01T00:34:00.0000000Z","tipo":"Gasto","descripcion":"Mov 34","origenEmisora":"Banco Perf"}

POST /api/Movimientos -> 201
RespBody: {"idMovimiento":35,"idHogar":1,"idUsuario":1,"idCategoria":2,"monto":245.5,"fecha":"2026-01-01T00:35:00.0000000Z","tipo":"Ingreso","descripcion":"Mov 35","origenEmisora":"Banco Perf"}

POST /api/Movimientos -> 201
RespBody: {"idMovimiento":36,"idHogar":1,"idUsuario":1,"idCategoria":1,"monto":252.5,"fecha":"2026-01-01T00:36:00.0000000Z","tipo":"Gasto","descripcion":"Mov 36","origenEmisora":"Banco Perf"}

POST /api/Movimientos -> 201
RespBody: {"idMovimiento":37,"idHogar":1,"idUsuario":1,"idCategoria":2,"monto":259.5,"fecha":"2026-01-01T00:37:00.0000000Z","tipo":"Ingreso","descripcion":"Mov 37","origenEmisora":"Banco Perf"}

POST /api/Movimientos -> 201
RespBody: {"idMovimiento":38,"idHogar":1,"idUsuario":1,"idCategoria":1,"monto":266.5,"fecha":"2026-01-01T00:38:00.0000000Z","tipo":"Gasto","descripcion":"Mov 38","origenEmisora":"Banco Perf"}

POST /api/Movimientos -> 201
RespBody: {"idMovimiento":39,"idHogar":1,"idUsuario":1,"idCategoria":2,"monto":273.5,"fecha":"2026-01-01T00:39:00.0000000Z","tipo":"Ingreso","descripcion":"Mov 39","origenEmisora":"Banco Perf"}

POST /api/Movimientos -> 201
RespBody: {"idMovimiento":40,"idHogar":1,"idUsuario":1,"idCategoria":1,"monto":280.5,"fecha":"2026-01-01T00:40:00.0000000Z","tipo":"Gasto","descripcion":"Mov 40","origenEmisora":"Banco Perf"}

POST /api/Movimientos -> 201
RespBody: {"idMovimiento":41,"idHogar":1,"idUsuario":1,"idCategoria":2,"monto":287.5,"fecha":"2026-01-01T00:41:00.0000000Z","tipo":"Ingreso","descripcion":"Mov 41","origenEmisora":"Banco Perf"}

POST /api/Movimientos -> 201
RespBody: {"idMovimiento":42,"idHogar":1,"idUsuario":1,"idCategoria":1,"monto":294.5,"fecha":"2026-01-01T00:42:00.0000000Z","tipo":"Gasto","descripcion":"Mov 42","origenEmisora":"Banco Perf"}

POST /api/Movimientos -> 201
RespBody: {"idMovimiento":43,"idHogar":1,"idUsuario":1,"idCategoria":2,"monto":301.5,"fecha":"2026-01-01T00:43:00.0000000Z","tipo":"Ingreso","descripcion":"Mov 43","origenEmisora":"Banco Perf"}

POST /api/Movimientos -> 201
RespBody: {"idMovimiento":44,"idHogar":1,"idUsuario":1,"idCategoria":1,"monto":308.5,"fecha":"2026-01-01T00:44:00.0000000Z","tipo":"Gasto","descripcion":"Mov 44","origenEmisora":"Banco Perf"}

POST /api/Movimientos -> 201
RespBody: {"idMovimiento":45,"idHogar":1,"idUsuario":1,"idCategoria":2,"monto":315.5,"fecha":"2026-01-01T00:45:00.0000000Z","tipo":"Ingreso","descripcion":"Mov 45","origenEmisora":"Banco Perf"}

POST /api/Movimientos -> 201
RespBody: {"idMovimiento":46,"idHogar":1,"idUsuario":1,"idCategoria":1,"monto":322.5,"fecha":"2026-01-01T00:46:00.0000000Z","tipo":"Gasto","descripcion":"Mov 46","origenEmisora":"Banco Perf"}

POST /api/Movimientos -> 201
RespBody: {"idMovimiento":47,"idHogar":1,"idUsuario":1,"idCategoria":2,"monto":329.5,"fecha":"2026-01-01T00:47:00.0000000Z","tipo":"Ingreso","descripcion":"Mov 47","origenEmisora":"Banco Perf"}

POST /api/Movimientos -> 201
RespBody: {"idMovimiento":48,"idHogar":1,"idUsuario":1,"idCategoria":1,"monto":336.5,"fecha":"2026-01-01T00:48:00.0000000Z","tipo":"Gasto","descripcion":"Mov 48","origenEmisora":"Banco Perf"}

POST /api/Movimientos -> 201
RespBody: {"idMovimiento":49,"idHogar":1,"idUsuario":1,"idCategoria":2,"monto":343.5,"fecha":"2026-01-01T00:49:00.0000000Z","tipo":"Ingreso","descripcion":"Mov 49","origenEmisora":"Banco Perf"}

POST /api/Movimientos -> 201
RespBody: {"idMovimiento":50,"idHogar":1,"idUsuario":1,"idCategoria":1,"monto":350.5,"fecha":"2026-01-01T00:50:00.0000000Z","tipo":"Gasto","descripcion":"Mov 50","origenEmisora":"Banco Perf"}

POST /api/Movimientos -> 201
RespBody: {"idMovimiento":51,"idHogar":1,"idUsuario":1,"idCategoria":2,"monto":357.5,"fecha":"2026-01-01T00:51:00.0000000Z","tipo":"Ingreso","descripcion":"Mov 51","origenEmisora":"Banco Perf"}

POST /api/Movimientos -> 201
RespBody: {"idMovimiento":52,"idHogar":1,"idUsuario":1,"idCategoria":1,"monto":364.5,"fecha":"2026-01-01T00:52:00.0000000Z","tipo":"Gasto","descripcion":"Mov 52","origenEmisora":"Banco Perf"}

POST /api/Movimientos -> 201
RespBody: {"idMovimiento":53,"idHogar":1,"idUsuario":1,"idCategoria":2,"monto":371.5,"fecha":"2026-01-01T00:53:00.0000000Z","tipo":"Ingreso","descripcion":"Mov 53","origenEmisora":"Banco Perf"}

POST /api/Movimientos -> 201
RespBody: {"idMovimiento":54,"idHogar":1,"idUsuario":1,"idCategoria":1,"monto":378.5,"fecha":"2026-01-01T00:54:00.0000000Z","tipo":"Gasto","descripcion":"Mov 54","origenEmisora":"Banco Perf"}

POST /api/Movimientos -> 201
RespBody: {"idMovimiento":55,"idHogar":1,"idUsuario":1,"idCategoria":2,"monto":385.5,"fecha":"2026-01-01T00:55:00.0000000Z","tipo":"Ingreso","descripcion":"Mov 55","origenEmisora":"Banco Perf"}

POST /api/Movimientos -> 201
RespBody: {"idMovimiento":56,"idHogar":1,"idUsuario":1,"idCategoria":1,"monto":392.5,"fecha":"2026-01-01T00:56:00.0000000Z","tipo":"Gasto","descripcion":"Mov 56","origenEmisora":"Banco Perf"}

POST /api/Movimientos -> 201
RespBody: {"idMovimiento":57,"idHogar":1,"idUsuario":1,"idCategoria":2,"monto":399.5,"fecha":"2026-01-01T00:57:00.0000000Z","tipo":"Ingreso","descripcion":"Mov 57","origenEmisora":"Banco Perf"}

POST /api/Movimientos -> 201
RespBody: {"idMovimiento":58,"idHogar":1,"idUsuario":1,"idCategoria":1,"monto":406.5,"fecha":"2026-01-01T00:58:00.0000000Z","tipo":"Gasto","descripcion":"Mov 58","origenEmisora":"Banco Perf"}

POST /api/Movimientos -> 201
RespBody: {"idMovimiento":59,"idHogar":1,"idUsuario":1,"idCategoria":2,"monto":413.5,"fecha":"2026-01-01T00:59:00.0000000Z","tipo":"Ingreso","descripcion":"Mov 59","origenEmisora":"Banco Perf"}

POST /api/Movimientos -> 201
RespBody: {"idMovimiento":60,"idHogar":1,"idUsuario":1,"idCategoria":1,"monto":420.5,"fecha":"2026-01-01T01:00:00.0000000Z","tipo":"Gasto","descripcion":"Mov 60","origenEmisora":"Banco Perf"}

POST /api/Movimientos -> 201
RespBody: {"idMovimiento":61,"idHogar":1,"idUsuario":1,"idCategoria":2,"monto":427.5,"fecha":"2026-01-01T01:01:00.0000000Z","tipo":"Ingreso","descripcion":"Mov 61","origenEmisora":"Banco Perf"}

POST /api/Movimientos -> 201
RespBody: {"idMovimiento":62,"idHogar":1,"idUsuario":1,"idCategoria":1,"monto":434.5,"fecha":"2026-01-01T01:02:00.0000000Z","tipo":"Gasto","descripcion":"Mov 62","origenEmisora":"Banco Perf"}

POST /api/Movimientos -> 201
RespBody: {"idMovimiento":63,"idHogar":1,"idUsuario":1,"idCategoria":2,"monto":441.5,"fecha":"2026-01-01T01:03:00.0000000Z","tipo":"Ingreso","descripcion":"Mov 63","origenEmisora":"Banco Perf"}

POST /api/Movimientos -> 201
RespBody: {"idMovimiento":64,"idHogar":1,"idUsuario":1,"idCategoria":1,"monto":448.5,"fecha":"2026-01-01T01:04:00.0000000Z","tipo":"Gasto","descripcion":"Mov 64","origenEmisora":"Banco Perf"}

POST /api/Movimientos -> 201
RespBody: {"idMovimiento":65,"idHogar":1,"idUsuario":1,"idCategoria":2,"monto":455.5,"fecha":"2026-01-01T01:05:00.0000000Z","tipo":"Ingreso","descripcion":"Mov 65","origenEmisora":"Banco Perf"}

POST /api/Movimientos -> 201
RespBody: {"idMovimiento":66,"idHogar":1,"idUsuario":1,"idCategoria":1,"monto":462.5,"fecha":"2026-01-01T01:06:00.0000000Z","tipo":"Gasto","descripcion":"Mov 66","origenEmisora":"Banco Perf"}

POST /api/Movimientos -> 201
RespBody: {"idMovimiento":67,"idHogar":1,"idUsuario":1,"idCategoria":2,"monto":469.5,"fecha":"2026-01-01T01:07:00.0000000Z","tipo":"Ingreso","descripcion":"Mov 67","origenEmisora":"Banco Perf"}

POST /api/Movimientos -> 201
RespBody: {"idMovimiento":68,"idHogar":1,"idUsuario":1,"idCategoria":1,"monto":476.5,"fecha":"2026-01-01T01:08:00.0000000Z","tipo":"Gasto","descripcion":"Mov 68","origenEmisora":"Banco Perf"}

POST /api/Movimientos -> 201
RespBody: {"idMovimiento":69,"idHogar":1,"idUsuario":1,"idCategoria":2,"monto":483.5,"fecha":"2026-01-01T01:09:00.0000000Z","tipo":"Ingreso","descripcion":"Mov 69","origenEmisora":"Banco Perf"}

POST /api/Movimientos -> 201
RespBody: {"idMovimiento":70,"idHogar":1,"idUsuario":1,"idCategoria":1,"monto":490.5,"fecha":"2026-01-01T01:10:00.0000000Z","tipo":"Gasto","descripcion":"Mov 70","origenEmisora":"Banco Perf"}

POST /api/Movimientos -> 201
RespBody: {"idMovimiento":71,"idHogar":1,"idUsuario":1,"idCategoria":2,"monto":497.5,"fecha":"2026-01-01T01:11:00.0000000Z","tipo":"Ingreso","descripcion":"Mov 71","origenEmisora":"Banco Perf"}

POST /api/Movimientos -> 201
RespBody: {"idMovimiento":72,"idHogar":1,"idUsuario":1,"idCategoria":1,"monto":504.5,"fecha":"2026-01-01T01:12:00.0000000Z","tipo":"Gasto","descripcion":"Mov 72","origenEmisora":"Banco Perf"}

POST /api/Movimientos -> 201
RespBody: {"idMovimiento":73,"idHogar":1,"idUsuario":1,"idCategoria":2,"monto":511.5,"fecha":"2026-01-01T01:13:00.0000000Z","tipo":"Ingreso","descripcion":"Mov 73","origenEmisora":"Banco Perf"}

POST /api/Movimientos -> 201
RespBody: {"idMovimiento":74,"idHogar":1,"idUsuario":1,"idCategoria":1,"monto":518.5,"fecha":"2026-01-01T01:14:00.0000000Z","tipo":"Gasto","descripcion":"Mov 74","origenEmisora":"Banco Perf"}

POST /api/Movimientos -> 201
RespBody: {"idMovimiento":75,"idHogar":1,"idUsuario":1,"idCategoria":2,"monto":525.5,"fecha":"2026-01-01T01:15:00.0000000Z","tipo":"Ingreso","descripcion":"Mov 75","origenEmisora":"Banco Perf"}

POST /api/Movimientos -> 201
RespBody: {"idMovimiento":76,"idHogar":1,"idUsuario":1,"idCategoria":1,"monto":532.5,"fecha":"2026-01-01T01:16:00.0000000Z","tipo":"Gasto","descripcion":"Mov 76","origenEmisora":"Banco Perf"}

POST /api/Movimientos -> 201
RespBody: {"idMovimiento":77,"idHogar":1,"idUsuario":1,"idCategoria":2,"monto":539.5,"fecha":"2026-01-01T01:17:00.0000000Z","tipo":"Ingreso","descripcion":"Mov 77","origenEmisora":"Banco Perf"}

POST /api/Movimientos -> 201
RespBody: {"idMovimiento":78,"idHogar":1,"idUsuario":1,"idCategoria":1,"monto":546.5,"fecha":"2026-01-01T01:18:00.0000000Z","tipo":"Gasto","descripcion":"Mov 78","origenEmisora":"Banco Perf"}

POST /api/Movimientos -> 201
RespBody: {"idMovimiento":79,"idHogar":1,"idUsuario":1,"idCategoria":2,"monto":553.5,"fecha":"2026-01-01T01:19:00.0000000Z","tipo":"Ingreso","descripcion":"Mov 79","origenEmisora":"Banco Perf"}

POST /api/Movimientos -> 201
RespBody: {"idMovimiento":80,"idHogar":1,"idUsuario":1,"idCategoria":1,"monto":560.5,"fecha":"2026-01-01T01:20:00.0000000Z","tipo":"Gasto","descripcion":"Mov 80","origenEmisora":"Banco Perf"}

POST /api/Movimientos -> 201
RespBody: {"idMovimiento":81,"idHogar":1,"idUsuario":1,"idCategoria":2,"monto":567.5,"fecha":"2026-01-01T01:21:00.0000000Z","tipo":"Ingreso","descripcion":"Mov 81","origenEmisora":"Banco Perf"}

POST /api/Movimientos -> 201
RespBody: {"idMovimiento":82,"idHogar":1,"idUsuario":1,"idCategoria":1,"monto":574.5,"fecha":"2026-01-01T01:22:00.0000000Z","tipo":"Gasto","descripcion":"Mov 82","origenEmisora":"Banco Perf"}

POST /api/Movimientos -> 201
RespBody: {"idMovimiento":83,"idHogar":1,"idUsuario":1,"idCategoria":2,"monto":581.5,"fecha":"2026-01-01T01:23:00.0000000Z","tipo":"Ingreso","descripcion":"Mov 83","origenEmisora":"Banco Perf"}

POST /api/Movimientos -> 201
RespBody: {"idMovimiento":84,"idHogar":1,"idUsuario":1,"idCategoria":1,"monto":588.5,"fecha":"2026-01-01T01:24:00.0000000Z","tipo":"Gasto","descripcion":"Mov 84","origenEmisora":"Banco Perf"}

POST /api/Movimientos -> 201
RespBody: {"idMovimiento":85,"idHogar":1,"idUsuario":1,"idCategoria":2,"monto":595.5,"fecha":"2026-01-01T01:25:00.0000000Z","tipo":"Ingreso","descripcion":"Mov 85","origenEmisora":"Banco Perf"}

POST /api/Movimientos -> 201
RespBody: {"idMovimiento":86,"idHogar":1,"idUsuario":1,"idCategoria":1,"monto":602.5,"fecha":"2026-01-01T01:26:00.0000000Z","tipo":"Gasto","descripcion":"Mov 86","origenEmisora":"Banco Perf"}

POST /api/Movimientos -> 201
RespBody: {"idMovimiento":87,"idHogar":1,"idUsuario":1,"idCategoria":2,"monto":609.5,"fecha":"2026-01-01T01:27:00.0000000Z","tipo":"Ingreso","descripcion":"Mov 87","origenEmisora":"Banco Perf"}

POST /api/Movimientos -> 201
RespBody: {"idMovimiento":88,"idHogar":1,"idUsuario":1,"idCategoria":1,"monto":616.5,"fecha":"2026-01-01T01:28:00.0000000Z","tipo":"Gasto","descripcion":"Mov 88","origenEmisora":"Banco Perf"}

POST /api/Movimientos -> 201
RespBody: {"idMovimiento":89,"idHogar":1,"idUsuario":1,"idCategoria":2,"monto":623.5,"fecha":"2026-01-01T01:29:00.0000000Z","tipo":"Ingreso","descripcion":"Mov 89","origenEmisora":"Banco Perf"}

POST /api/Movimientos -> 201
RespBody: {"idMovimiento":90,"idHogar":1,"idUsuario":1,"idCategoria":1,"monto":630.5,"fecha":"2026-01-01T01:30:00.0000000Z","tipo":"Gasto","descripcion":"Mov 90","origenEmisora":"Banco Perf"}

POST /api/Movimientos -> 201
RespBody: {"idMovimiento":91,"idHogar":1,"idUsuario":1,"idCategoria":2,"monto":637.5,"fecha":"2026-01-01T01:31:00.0000000Z","tipo":"Ingreso","descripcion":"Mov 91","origenEmisora":"Banco Perf"}

POST /api/Movimientos -> 201
RespBody: {"idMovimiento":92,"idHogar":1,"idUsuario":1,"idCategoria":1,"monto":644.5,"fecha":"2026-01-01T01:32:00.0000000Z","tipo":"Gasto","descripcion":"Mov 92","origenEmisora":"Banco Perf"}

POST /api/Movimientos -> 201
RespBody: {"idMovimiento":93,"idHogar":1,"idUsuario":1,"idCategoria":2,"monto":651.5,"fecha":"2026-01-01T01:33:00.0000000Z","tipo":"Ingreso","descripcion":"Mov 93","origenEmisora":"Banco Perf"}

POST /api/Movimientos -> 201
RespBody: {"idMovimiento":94,"idHogar":1,"idUsuario":1,"idCategoria":1,"monto":658.5,"fecha":"2026-01-01T01:34:00.0000000Z","tipo":"Gasto","descripcion":"Mov 94","origenEmisora":"Banco Perf"}

POST /api/Movimientos -> 201
RespBody: {"idMovimiento":95,"idHogar":1,"idUsuario":1,"idCategoria":2,"monto":665.5,"fecha":"2026-01-01T01:35:00.0000000Z","tipo":"Ingreso","descripcion":"Mov 95","origenEmisora":"Banco Perf"}

POST /api/Movimientos -> 201
RespBody: {"idMovimiento":96,"idHogar":1,"idUsuario":1,"idCategoria":1,"monto":672.5,"fecha":"2026-01-01T01:36:00.0000000Z","tipo":"Gasto","descripcion":"Mov 96","origenEmisora":"Banco Perf"}

POST /api/Movimientos -> 201
RespBody: {"idMovimiento":97,"idHogar":1,"idUsuario":1,"idCategoria":2,"monto":679.5,"fecha":"2026-01-01T01:37:00.0000000Z","tipo":"Ingreso","descripcion":"Mov 97","origenEmisora":"Banco Perf"}

POST /api/Movimientos -> 201
RespBody: {"idMovimiento":98,"idHogar":1,"idUsuario":1,"idCategoria":1,"monto":686.5,"fecha":"2026-01-01T01:38:00.0000000Z","tipo":"Gasto","descripcion":"Mov 98","origenEmisora":"Banco Perf"}

POST /api/Movimientos -> 201
RespBody: {"idMovimiento":99,"idHogar":1,"idUsuario":1,"idCategoria":2,"monto":693.5,"fecha":"2026-01-01T01:39:00.0000000Z","tipo":"Ingreso","descripcion":"Mov 99","origenEmisora":"Banco Perf"}

POST /api/Movimientos -> 201
RespBody: {"idMovimiento":100,"idHogar":1,"idUsuario":1,"idCategoria":1,"monto":700.5,"fecha":"2026-01-01T01:40:00.0000000Z","tipo":"Gasto","descripcion":"Mov 100","origenEmisora":"Banco Perf"}

POST /api/Movimientos -> 201
RespBody: {"idMovimiento":101,"idHogar":1,"idUsuario":1,"idCategoria":2,"monto":707.5,"fecha":"2026-01-01T01:41:00.0000000Z","tipo":"Ingreso","descripcion":"Mov 101","origenEmisora":"Banco Perf"}

POST /api/Movimientos -> 201
RespBody: {"idMovimiento":102,"idHogar":1,"idUsuario":1,"idCategoria":1,"monto":714.5,"fecha":"2026-01-01T01:42:00.0000000Z","tipo":"Gasto","descripcion":"Mov 102","origenEmisora":"Banco Perf"}

POST /api/Movimientos -> 201
RespBody: {"idMovimiento":103,"idHogar":1,"idUsuario":1,"idCategoria":2,"monto":721.5,"fecha":"2026-01-01T01:43:00.0000000Z","tipo":"Ingreso","descripcion":"Mov 103","origenEmisora":"Banco Perf"}

POST /api/Movimientos -> 201
RespBody: {"idMovimiento":104,"idHogar":1,"idUsuario":1,"idCategoria":1,"monto":728.5,"fecha":"2026-01-01T01:44:00.0000000Z","tipo":"Gasto","descripcion":"Mov 104","origenEmisora":"Banco Perf"}

POST /api/Movimientos -> 201
RespBody: {"idMovimiento":105,"idHogar":1,"idUsuario":1,"idCategoria":2,"monto":735.5,"fecha":"2026-01-01T01:45:00.0000000Z","tipo":"Ingreso","descripcion":"Mov 105","origenEmisora":"Banco Perf"}

POST /api/Movimientos -> 201
RespBody: {"idMovimiento":106,"idHogar":1,"idUsuario":1,"idCategoria":1,"monto":742.5,"fecha":"2026-01-01T01:46:00.0000000Z","tipo":"Gasto","descripcion":"Mov 106","origenEmisora":"Banco Perf"}

POST /api/Movimientos -> 201
RespBody: {"idMovimiento":107,"idHogar":1,"idUsuario":1,"idCategoria":2,"monto":749.5,"fecha":"2026-01-01T01:47:00.0000000Z","tipo":"Ingreso","descripcion":"Mov 107","origenEmisora":"Banco Perf"}

POST /api/Movimientos -> 201
RespBody: {"idMovimiento":108,"idHogar":1,"idUsuario":1,"idCategoria":1,"monto":756.5,"fecha":"2026-01-01T01:48:00.0000000Z","tipo":"Gasto","descripcion":"Mov 108","origenEmisora":"Banco Perf"}

POST /api/Movimientos -> 201
RespBody: {"idMovimiento":109,"idHogar":1,"idUsuario":1,"idCategoria":2,"monto":763.5,"fecha":"2026-01-01T01:49:00.0000000Z","tipo":"Ingreso","descripcion":"Mov 109","origenEmisora":"Banco Perf"}

POST /api/Movimientos -> 201
RespBody: {"idMovimiento":110,"idHogar":1,"idUsuario":1,"idCategoria":1,"monto":770.5,"fecha":"2026-01-01T01:50:00.0000000Z","tipo":"Gasto","descripcion":"Mov 110","origenEmisora":"Banco Perf"}

POST /api/Movimientos -> 201
RespBody: {"idMovimiento":111,"idHogar":1,"idUsuario":1,"idCategoria":2,"monto":777.5,"fecha":"2026-01-01T01:51:00.0000000Z","tipo":"Ingreso","descripcion":"Mov 111","origenEmisora":"Banco Perf"}

POST /api/Movimientos -> 201
RespBody: {"idMovimiento":112,"idHogar":1,"idUsuario":1,"idCategoria":1,"monto":784.5,"fecha":"2026-01-01T01:52:00.0000000Z","tipo":"Gasto","descripcion":"Mov 112","origenEmisora":"Banco Perf"}

POST /api/Movimientos -> 201
RespBody: {"idMovimiento":113,"idHogar":1,"idUsuario":1,"idCategoria":2,"monto":791.5,"fecha":"2026-01-01T01:53:00.0000000Z","tipo":"Ingreso","descripcion":"Mov 113","origenEmisora":"Banco Perf"}

POST /api/Movimientos -> 201
RespBody: {"idMovimiento":114,"idHogar":1,"idUsuario":1,"idCategoria":1,"monto":798.5,"fecha":"2026-01-01T01:54:00.0000000Z","tipo":"Gasto","descripcion":"Mov 114","origenEmisora":"Banco Perf"}

POST /api/Movimientos -> 201
RespBody: {"idMovimiento":115,"idHogar":1,"idUsuario":1,"idCategoria":2,"monto":805.5,"fecha":"2026-01-01T01:55:00.0000000Z","tipo":"Ingreso","descripcion":"Mov 115","origenEmisora":"Banco Perf"}

POST /api/Movimientos -> 201
RespBody: {"idMovimiento":116,"idHogar":1,"idUsuario":1,"idCategoria":1,"monto":812.5,"fecha":"2026-01-01T01:56:00.0000000Z","tipo":"Gasto","descripcion":"Mov 116","origenEmisora":"Banco Perf"}

POST /api/Movimientos -> 201
RespBody: {"idMovimiento":117,"idHogar":1,"idUsuario":1,"idCategoria":2,"monto":819.5,"fecha":"2026-01-01T01:57:00.0000000Z","tipo":"Ingreso","descripcion":"Mov 117","origenEmisora":"Banco Perf"}

POST /api/Movimientos -> 201
RespBody: {"idMovimiento":118,"idHogar":1,"idUsuario":1,"idCategoria":1,"monto":826.5,"fecha":"2026-01-01T01:58:00.0000000Z","tipo":"Gasto","descripcion":"Mov 118","origenEmisora":"Banco Perf"}

POST /api/Movimientos -> 201
RespBody: {"idMovimiento":119,"idHogar":1,"idUsuario":1,"idCategoria":2,"monto":833.5,"fecha":"2026-01-01T01:59:00.0000000Z","tipo":"Ingreso","descripcion":"Mov 119","origenEmisora":"Banco Perf"}

POST /api/Movimientos -> 201
RespBody: {"idMovimiento":120,"idHogar":1,"idUsuario":1,"idCategoria":1,"monto":840.5,"fecha":"2026-01-01T02:00:00.0000000Z","tipo":"Gasto","descripcion":"Mov 120","origenEmisora":"Banco Perf"}

POST /api/Movimientos -> 201
RespBody: {"idMovimiento":121,"idHogar":1,"idUsuario":1,"idCategoria":2,"monto":847.5,"fecha":"2026-01-01T02:01:00.0000000Z","tipo":"Ingreso","descripcion":"Mov 121","origenEmisora":"Banco Perf"}

POST /api/Movimientos -> 201
RespBody: {"idMovimiento":122,"idHogar":1,"idUsuario":1,"idCategoria":1,"monto":854.5,"fecha":"2026-01-01T02:02:00.0000000Z","tipo":"Gasto","descripcion":"Mov 122","origenEmisora":"Banco Perf"}

POST /api/Movimientos -> 201
RespBody: {"idMovimiento":123,"idHogar":1,"idUsuario":1,"idCategoria":2,"monto":861.5,"fecha":"2026-01-01T02:03:00.0000000Z","tipo":"Ingreso","descripcion":"Mov 123","origenEmisora":"Banco Perf"}

POST /api/Movimientos -> 201
RespBody: {"idMovimiento":124,"idHogar":1,"idUsuario":1,"idCategoria":1,"monto":868.5,"fecha":"2026-01-01T02:04:00.0000000Z","tipo":"Gasto","descripcion":"Mov 124","origenEmisora":"Banco Perf"}

POST /api/Movimientos -> 201
RespBody: {"idMovimiento":125,"idHogar":1,"idUsuario":1,"idCategoria":2,"monto":875.5,"fecha":"2026-01-01T02:05:00.0000000Z","tipo":"Ingreso","descripcion":"Mov 125","origenEmisora":"Banco Perf"}

POST /api/Movimientos -> 201
RespBody: {"idMovimiento":126,"idHogar":1,"idUsuario":1,"idCategoria":1,"monto":882.5,"fecha":"2026-01-01T02:06:00.0000000Z","tipo":"Gasto","descripcion":"Mov 126","origenEmisora":"Banco Perf"}

POST /api/Movimientos -> 201
RespBody: {"idMovimiento":127,"idHogar":1,"idUsuario":1,"idCategoria":2,"monto":889.5,"fecha":"2026-01-01T02:07:00.0000000Z","tipo":"Ingreso","descripcion":"Mov 127","origenEmisora":"Banco Perf"}

POST /api/Movimientos -> 201
RespBody: {"idMovimiento":128,"idHogar":1,"idUsuario":1,"idCategoria":1,"monto":896.5,"fecha":"2026-01-01T02:08:00.0000000Z","tipo":"Gasto","descripcion":"Mov 128","origenEmisora":"Banco Perf"}

POST /api/Movimientos -> 201
RespBody: {"idMovimiento":129,"idHogar":1,"idUsuario":1,"idCategoria":2,"monto":903.5,"fecha":"2026-01-01T02:09:00.0000000Z","tipo":"Ingreso","descripcion":"Mov 129","origenEmisora":"Banco Perf"}

POST /api/Movimientos -> 201
RespBody: {"idMovimiento":130,"idHogar":1,"idUsuario":1,"idCategoria":1,"monto":910.5,"fecha":"2026-01-01T02:10:00.0000000Z","tipo":"Gasto","descripcion":"Mov 130","origenEmisora":"Banco Perf"}

POST /api/Movimientos -> 201
RespBody: {"idMovimiento":131,"idHogar":1,"idUsuario":1,"idCategoria":2,"monto":917.5,"fecha":"2026-01-01T02:11:00.0000000Z","tipo":"Ingreso","descripcion":"Mov 131","origenEmisora":"Banco Perf"}

POST /api/Movimientos -> 201
RespBody: {"idMovimiento":132,"idHogar":1,"idUsuario":1,"idCategoria":1,"monto":924.5,"fecha":"2026-01-01T02:12:00.0000000Z","tipo":"Gasto","descripcion":"Mov 132","origenEmisora":"Banco Perf"}

POST /api/Movimientos -> 201
RespBody: {"idMovimiento":133,"idHogar":1,"idUsuario":1,"idCategoria":2,"monto":931.5,"fecha":"2026-01-01T02:13:00.0000000Z","tipo":"Ingreso","descripcion":"Mov 133","origenEmisora":"Banco Perf"}

POST /api/Movimientos -> 201
RespBody: {"idMovimiento":134,"idHogar":1,"idUsuario":1,"idCategoria":1,"monto":938.5,"fecha":"2026-01-01T02:14:00.0000000Z","tipo":"Gasto","descripcion":"Mov 134","origenEmisora":"Banco Perf"}

POST /api/Movimientos -> 201
RespBody: {"idMovimiento":135,"idHogar":1,"idUsuario":1,"idCategoria":2,"monto":945.5,"fecha":"2026-01-01T02:15:00.0000000Z","tipo":"Ingreso","descripcion":"Mov 135","origenEmisora":"Banco Perf"}

POST /api/Movimientos -> 201
RespBody: {"idMovimiento":136,"idHogar":1,"idUsuario":1,"idCategoria":1,"monto":952.5,"fecha":"2026-01-01T02:16:00.0000000Z","tipo":"Gasto","descripcion":"Mov 136","origenEmisora":"Banco Perf"}

POST /api/Movimientos -> 201
RespBody: {"idMovimiento":137,"idHogar":1,"idUsuario":1,"idCategoria":2,"monto":959.5,"fecha":"2026-01-01T02:17:00.0000000Z","tipo":"Ingreso","descripcion":"Mov 137","origenEmisora":"Banco Perf"}

POST /api/Movimientos -> 201
RespBody: {"idMovimiento":138,"idHogar":1,"idUsuario":1,"idCategoria":1,"monto":966.5,"fecha":"2026-01-01T02:18:00.0000000Z","tipo":"Gasto","descripcion":"Mov 138","origenEmisora":"Banco Perf"}

POST /api/Movimientos -> 201
RespBody: {"idMovimiento":139,"idHogar":1,"idUsuario":1,"idCategoria":2,"monto":973.5,"fecha":"2026-01-01T02:19:00.0000000Z","tipo":"Ingreso","descripcion":"Mov 139","origenEmisora":"Banco Perf"}

POST /api/Movimientos -> 201
RespBody: {"idMovimiento":140,"idHogar":1,"idUsuario":1,"idCategoria":1,"monto":980.5,"fecha":"2026-01-01T02:20:00.0000000Z","tipo":"Gasto","descripcion":"Mov 140","origenEmisora":"Banco Perf"}

POST /api/Movimientos -> 201
RespBody: {"idMovimiento":141,"idHogar":1,"idUsuario":1,"idCategoria":2,"monto":987.5,"fecha":"2026-01-01T02:21:00.0000000Z","tipo":"Ingreso","descripcion":"Mov 141","origenEmisora":"Banco Perf"}

POST /api/Movimientos -> 201
RespBody: {"idMovimiento":142,"idHogar":1,"idUsuario":1,"idCategoria":1,"monto":994.5,"fecha":"2026-01-01T02:22:00.0000000Z","tipo":"Gasto","descripcion":"Mov 142","origenEmisora":"Banco Perf"}

POST /api/Movimientos -> 201
RespBody: {"idMovimiento":143,"idHogar":1,"idUsuario":1,"idCategoria":2,"monto":1.5,"fecha":"2026-01-01T02:23:00.0000000Z","tipo":"Ingreso","descripcion":"Mov 143","origenEmisora":"Banco Perf"}

POST /api/Movimientos -> 201
RespBody: {"idMovimiento":144,"idHogar":1,"idUsuario":1,"idCategoria":1,"monto":8.5,"fecha":"2026-01-01T02:24:00.0000000Z","tipo":"Gasto","descripcion":"Mov 144","origenEmisora":"Banco Perf"}

POST /api/Movimientos -> 201
RespBody: {"idMovimiento":145,"idHogar":1,"idUsuario":1,"idCategoria":2,"monto":15.5,"fecha":"2026-01-01T02:25:00.0000000Z","tipo":"Ingreso","descripcion":"Mov 145","origenEmisora":"Banco Perf"}

POST /api/Movimientos -> 201
RespBody: {"idMovimiento":146,"idHogar":1,"idUsuario":1,"idCategoria":1,"monto":22.5,"fecha":"2026-01-01T02:26:00.0000000Z","tipo":"Gasto","descripcion":"Mov 146","origenEmisora":"Banco Perf"}

POST /api/Movimientos -> 201
RespBody: {"idMovimiento":147,"idHogar":1,"idUsuario":1,"idCategoria":2,"monto":29.5,"fecha":"2026-01-01T02:27:00.0000000Z","tipo":"Ingreso","descripcion":"Mov 147","origenEmisora":"Banco Perf"}

POST /api/Movimientos -> 201
RespBody: {"idMovimiento":148,"idHogar":1,"idUsuario":1,"idCategoria":1,"monto":36.5,"fecha":"2026-01-01T02:28:00.0000000Z","tipo":"Gasto","descripcion":"Mov 148","origenEmisora":"Banco Perf"}

POST /api/Movimientos -> 201
RespBody: {"idMovimiento":149,"idHogar":1,"idUsuario":1,"idCategoria":2,"monto":43.5,"fecha":"2026-01-01T02:29:00.0000000Z","tipo":"Ingreso","descripcion":"Mov 149","origenEmisora":"Banco Perf"}

POST /api/Movimientos -> 201
RespBody: {"idMovimiento":150,"idHogar":1,"idUsuario":1,"idCategoria":1,"monto":50.5,"fecha":"2026-01-01T02:30:00.0000000Z","tipo":"Gasto","descripcion":"Mov 150","origenEmisora":"Banco Perf"}

POST /api/Movimientos -> 201
RespBody: {"idMovimiento":151,"idHogar":1,"idUsuario":1,"idCategoria":2,"monto":57.5,"fecha":"2026-01-01T02:31:00.0000000Z","tipo":"Ingreso","descripcion":"Mov 151","origenEmisora":"Banco Perf"}

POST /api/Movimientos -> 201
RespBody: {"idMovimiento":152,"idHogar":1,"idUsuario":1,"idCategoria":1,"monto":64.5,"fecha":"2026-01-01T02:32:00.0000000Z","tipo":"Gasto","descripcion":"Mov 152","origenEmisora":"Banco Perf"}

POST /api/Movimientos -> 201
RespBody: {"idMovimiento":153,"idHogar":1,"idUsuario":1,"idCategoria":2,"monto":71.5,"fecha":"2026-01-01T02:33:00.0000000Z","tipo":"Ingreso","descripcion":"Mov 153","origenEmisora":"Banco Perf"}

POST /api/Movimientos -> 201
RespBody: {"idMovimiento":154,"idHogar":1,"idUsuario":1,"idCategoria":1,"monto":78.5,"fecha":"2026-01-01T02:34:00.0000000Z","tipo":"Gasto","descripcion":"Mov 154","origenEmisora":"Banco Perf"}

POST /api/Movimientos -> 201
RespBody: {"idMovimiento":155,"idHogar":1,"idUsuario":1,"idCategoria":2,"monto":85.5,"fecha":"2026-01-01T02:35:00.0000000Z","tipo":"Ingreso","descripcion":"Mov 155","origenEmisora":"Banco Perf"}

POST /api/Movimientos -> 201
RespBody: {"idMovimiento":156,"idHogar":1,"idUsuario":1,"idCategoria":1,"monto":92.5,"fecha":"2026-01-01T02:36:00.0000000Z","tipo":"Gasto","descripcion":"Mov 156","origenEmisora":"Banco Perf"}

POST /api/Movimientos -> 201
RespBody: {"idMovimiento":157,"idHogar":1,"idUsuario":1,"idCategoria":2,"monto":99.5,"fecha":"2026-01-01T02:37:00.0000000Z","tipo":"Ingreso","descripcion":"Mov 157","origenEmisora":"Banco Perf"}

POST /api/Movimientos -> 201
RespBody: {"idMovimiento":158,"idHogar":1,"idUsuario":1,"idCategoria":1,"monto":106.5,"fecha":"2026-01-01T02:38:00.0000000Z","tipo":"Gasto","descripcion":"Mov 158","origenEmisora":"Banco Perf"}

POST /api/Movimientos -> 201
RespBody: {"idMovimiento":159,"idHogar":1,"idUsuario":1,"idCategoria":2,"monto":113.5,"fecha":"2026-01-01T02:39:00.0000000Z","tipo":"Ingreso","descripcion":"Mov 159","origenEmisora":"Banco Perf"}

POST /api/Movimientos -> 201
RespBody: {"idMovimiento":160,"idHogar":1,"idUsuario":1,"idCategoria":1,"monto":120.5,"fecha":"2026-01-01T02:40:00.0000000Z","tipo":"Gasto","descripcion":"Mov 160","origenEmisora":"Banco Perf"}

POST /api/Movimientos -> 201
RespBody: {"idMovimiento":161,"idHogar":1,"idUsuario":1,"idCategoria":2,"monto":127.5,"fecha":"2026-01-01T02:41:00.0000000Z","tipo":"Ingreso","descripcion":"Mov 161","origenEmisora":"Banco Perf"}

POST /api/Movimientos -> 201
RespBody: {"idMovimiento":162,"idHogar":1,"idUsuario":1,"idCategoria":1,"monto":134.5,"fecha":"2026-01-01T02:42:00.0000000Z","tipo":"Gasto","descripcion":"Mov 162","origenEmisora":"Banco Perf"}

POST /api/Movimientos -> 201
RespBody: {"idMovimiento":163,"idHogar":1,"idUsuario":1,"idCategoria":2,"monto":141.5,"fecha":"2026-01-01T02:43:00.0000000Z","tipo":"Ingreso","descripcion":"Mov 163","origenEmisora":"Banco Perf"}

POST /api/Movimientos -> 201
RespBody: {"idMovimiento":164,"idHogar":1,"idUsuario":1,"idCategoria":1,"monto":148.5,"fecha":"2026-01-01T02:44:00.0000000Z","tipo":"Gasto","descripcion":"Mov 164","origenEmisora":"Banco Perf"}

POST /api/Movimientos -> 201
RespBody: {"idMovimiento":165,"idHogar":1,"idUsuario":1,"idCategoria":2,"monto":155.5,"fecha":"2026-01-01T02:45:00.0000000Z","tipo":"Ingreso","descripcion":"Mov 165","origenEmisora":"Banco Perf"}

POST /api/Movimientos -> 201
RespBody: {"idMovimiento":166,"idHogar":1,"idUsuario":1,"idCategoria":1,"monto":162.5,"fecha":"2026-01-01T02:46:00.0000000Z","tipo":"Gasto","descripcion":"Mov 166","origenEmisora":"Banco Perf"}

POST /api/Movimientos -> 201
RespBody: {"idMovimiento":167,"idHogar":1,"idUsuario":1,"idCategoria":2,"monto":169.5,"fecha":"2026-01-01T02:47:00.0000000Z","tipo":"Ingreso","descripcion":"Mov 167","origenEmisora":"Banco Perf"}

POST /api/Movimientos -> 201
RespBody: {"idMovimiento":168,"idHogar":1,"idUsuario":1,"idCategoria":1,"monto":176.5,"fecha":"2026-01-01T02:48:00.0000000Z","tipo":"Gasto","descripcion":"Mov 168","origenEmisora":"Banco Perf"}

POST /api/Movimientos -> 201
RespBody: {"idMovimiento":169,"idHogar":1,"idUsuario":1,"idCategoria":2,"monto":183.5,"fecha":"2026-01-01T02:49:00.0000000Z","tipo":"Ingreso","descripcion":"Mov 169","origenEmisora":"Banco Perf"}

POST /api/Movimientos -> 201
RespBody: {"idMovimiento":170,"idHogar":1,"idUsuario":1,"idCategoria":1,"monto":190.5,"fecha":"2026-01-01T02:50:00.0000000Z","tipo":"Gasto","descripcion":"Mov 170","origenEmisora":"Banco Perf"}

POST /api/Movimientos -> 201
RespBody: {"idMovimiento":171,"idHogar":1,"idUsuario":1,"idCategoria":2,"monto":197.5,"fecha":"2026-01-01T02:51:00.0000000Z","tipo":"Ingreso","descripcion":"Mov 171","origenEmisora":"Banco Perf"}

POST /api/Movimientos -> 201
RespBody: {"idMovimiento":172,"idHogar":1,"idUsuario":1,"idCategoria":1,"monto":204.5,"fecha":"2026-01-01T02:52:00.0000000Z","tipo":"Gasto","descripcion":"Mov 172","origenEmisora":"Banco Perf"}

POST /api/Movimientos -> 201
RespBody: {"idMovimiento":173,"idHogar":1,"idUsuario":1,"idCategoria":2,"monto":211.5,"fecha":"2026-01-01T02:53:00.0000000Z","tipo":"Ingreso","descripcion":"Mov 173","origenEmisora":"Banco Perf"}

POST /api/Movimientos -> 201
RespBody: {"idMovimiento":174,"idHogar":1,"idUsuario":1,"idCategoria":1,"monto":218.5,"fecha":"2026-01-01T02:54:00.0000000Z","tipo":"Gasto","descripcion":"Mov 174","origenEmisora":"Banco Perf"}

POST /api/Movimientos -> 201
RespBody: {"idMovimiento":175,"idHogar":1,"idUsuario":1,"idCategoria":2,"monto":225.5,"fecha":"2026-01-01T02:55:00.0000000Z","tipo":"Ingreso","descripcion":"Mov 175","origenEmisora":"Banco Perf"}

POST /api/Movimientos -> 201
RespBody: {"idMovimiento":176,"idHogar":1,"idUsuario":1,"idCategoria":1,"monto":232.5,"fecha":"2026-01-01T02:56:00.0000000Z","tipo":"Gasto","descripcion":"Mov 176","origenEmisora":"Banco Perf"}

POST /api/Movimientos -> 201
RespBody: {"idMovimiento":177,"idHogar":1,"idUsuario":1,"idCategoria":2,"monto":239.5,"fecha":"2026-01-01T02:57:00.0000000Z","tipo":"Ingreso","descripcion":"Mov 177","origenEmisora":"Banco Perf"}

POST /api/Movimientos -> 201
RespBody: {"idMovimiento":178,"idHogar":1,"idUsuario":1,"idCategoria":1,"monto":246.5,"fecha":"2026-01-01T02:58:00.0000000Z","tipo":"Gasto","descripcion":"Mov 178","origenEmisora":"Banco Perf"}

POST /api/Movimientos -> 201
RespBody: {"idMovimiento":179,"idHogar":1,"idUsuario":1,"idCategoria":2,"monto":253.5,"fecha":"2026-01-01T02:59:00.0000000Z","tipo":"Ingreso","descripcion":"Mov 179","origenEmisora":"Banco Perf"}

POST /api/Movimientos -> 201
RespBody: {"idMovimiento":180,"idHogar":1,"idUsuario":1,"idCategoria":1,"monto":260.5,"fecha":"2026-01-01T03:00:00.0000000Z","tipo":"Gasto","descripcion":"Mov 180","origenEmisora":"Banco Perf"}

POST /api/Movimientos -> 201
RespBody: {"idMovimiento":181,"idHogar":1,"idUsuario":1,"idCategoria":2,"monto":267.5,"fecha":"2026-01-01T03:01:00.0000000Z","tipo":"Ingreso","descripcion":"Mov 181","origenEmisora":"Banco Perf"}

POST /api/Movimientos -> 201
RespBody: {"idMovimiento":182,"idHogar":1,"idUsuario":1,"idCategoria":1,"monto":274.5,"fecha":"2026-01-01T03:02:00.0000000Z","tipo":"Gasto","descripcion":"Mov 182","origenEmisora":"Banco Perf"}

POST /api/Movimientos -> 201
RespBody: {"idMovimiento":183,"idHogar":1,"idUsuario":1,"idCategoria":2,"monto":281.5,"fecha":"2026-01-01T03:03:00.0000000Z","tipo":"Ingreso","descripcion":"Mov 183","origenEmisora":"Banco Perf"}

POST /api/Movimientos -> 201
RespBody: {"idMovimiento":184,"idHogar":1,"idUsuario":1,"idCategoria":1,"monto":288.5,"fecha":"2026-01-01T03:04:00.0000000Z","tipo":"Gasto","descripcion":"Mov 184","origenEmisora":"Banco Perf"}

POST /api/Movimientos -> 201
RespBody: {"idMovimiento":185,"idHogar":1,"idUsuario":1,"idCategoria":2,"monto":295.5,"fecha":"2026-01-01T03:05:00.0000000Z","tipo":"Ingreso","descripcion":"Mov 185","origenEmisora":"Banco Perf"}

POST /api/Movimientos -> 201
RespBody: {"idMovimiento":186,"idHogar":1,"idUsuario":1,"idCategoria":1,"monto":302.5,"fecha":"2026-01-01T03:06:00.0000000Z","tipo":"Gasto","descripcion":"Mov 186","origenEmisora":"Banco Perf"}

POST /api/Movimientos -> 201
RespBody: {"idMovimiento":187,"idHogar":1,"idUsuario":1,"idCategoria":2,"monto":309.5,"fecha":"2026-01-01T03:07:00.0000000Z","tipo":"Ingreso","descripcion":"Mov 187","origenEmisora":"Banco Perf"}

POST /api/Movimientos -> 201
RespBody: {"idMovimiento":188,"idHogar":1,"idUsuario":1,"idCategoria":1,"monto":316.5,"fecha":"2026-01-01T03:08:00.0000000Z","tipo":"Gasto","descripcion":"Mov 188","origenEmisora":"Banco Perf"}

POST /api/Movimientos -> 201
RespBody: {"idMovimiento":189,"idHogar":1,"idUsuario":1,"idCategoria":2,"monto":323.5,"fecha":"2026-01-01T03:09:00.0000000Z","tipo":"Ingreso","descripcion":"Mov 189","origenEmisora":"Banco Perf"}

POST /api/Movimientos -> 201
RespBody: {"idMovimiento":190,"idHogar":1,"idUsuario":1,"idCategoria":1,"monto":330.5,"fecha":"2026-01-01T03:10:00.0000000Z","tipo":"Gasto","descripcion":"Mov 190","origenEmisora":"Banco Perf"}

POST /api/Movimientos -> 201
RespBody: {"idMovimiento":191,"idHogar":1,"idUsuario":1,"idCategoria":2,"monto":337.5,"fecha":"2026-01-01T03:11:00.0000000Z","tipo":"Ingreso","descripcion":"Mov 191","origenEmisora":"Banco Perf"}

POST /api/Movimientos -> 201
RespBody: {"idMovimiento":192,"idHogar":1,"idUsuario":1,"idCategoria":1,"monto":344.5,"fecha":"2026-01-01T03:12:00.0000000Z","tipo":"Gasto","descripcion":"Mov 192","origenEmisora":"Banco Perf"}

POST /api/Movimientos -> 201
RespBody: {"idMovimiento":193,"idHogar":1,"idUsuario":1,"idCategoria":2,"monto":351.5,"fecha":"2026-01-01T03:13:00.0000000Z","tipo":"Ingreso","descripcion":"Mov 193","origenEmisora":"Banco Perf"}

POST /api/Movimientos -> 201
RespBody: {"idMovimiento":194,"idHogar":1,"idUsuario":1,"idCategoria":1,"monto":358.5,"fecha":"2026-01-01T03:14:00.0000000Z","tipo":"Gasto","descripcion":"Mov 194","origenEmisora":"Banco Perf"}

POST /api/Movimientos -> 201
RespBody: {"idMovimiento":195,"idHogar":1,"idUsuario":1,"idCategoria":2,"monto":365.5,"fecha":"2026-01-01T03:15:00.0000000Z","tipo":"Ingreso","descripcion":"Mov 195","origenEmisora":"Banco Perf"}

POST /api/Movimientos -> 201
RespBody: {"idMovimiento":196,"idHogar":1,"idUsuario":1,"idCategoria":1,"monto":372.5,"fecha":"2026-01-01T03:16:00.0000000Z","tipo":"Gasto","descripcion":"Mov 196","origenEmisora":"Banco Perf"}

POST /api/Movimientos -> 201
RespBody: {"idMovimiento":197,"idHogar":1,"idUsuario":1,"idCategoria":2,"monto":379.5,"fecha":"2026-01-01T03:17:00.0000000Z","tipo":"Ingreso","descripcion":"Mov 197","origenEmisora":"Banco Perf"}

POST /api/Movimientos -> 201
RespBody: {"idMovimiento":198,"idHogar":1,"idUsuario":1,"idCategoria":1,"monto":386.5,"fecha":"2026-01-01T03:18:00.0000000Z","tipo":"Gasto","descripcion":"Mov 198","origenEmisora":"Banco Perf"}

POST /api/Movimientos -> 201
RespBody: {"idMovimiento":199,"idHogar":1,"idUsuario":1,"idCategoria":2,"monto":393.5,"fecha":"2026-01-01T03:19:00.0000000Z","tipo":"Ingreso","descripcion":"Mov 199","origenEmisora":"Banco Perf"}

POST /api/Movimientos -> 201
RespBody: {"idMovimiento":200,"idHogar":1,"idUsuario":1,"idCategoria":1,"monto":400.5,"fecha":"2026-01-01T03:20:00.0000000Z","tipo":"Gasto","descripcion":"Mov 200","origenEmisora":"Banco Perf"}

POST /api/Movimientos -> 201
RespBody: {"idMovimiento":201,"idHogar":1,"idUsuario":1,"idCategoria":2,"monto":407.5,"fecha":"2026-01-01T03:21:00.0000000Z","tipo":"Ingreso","descripcion":"Mov 201","origenEmisora":"Banco Perf"}

POST /api/Movimientos -> 201
RespBody: {"idMovimiento":202,"idHogar":1,"idUsuario":1,"idCategoria":1,"monto":414.5,"fecha":"2026-01-01T03:22:00.0000000Z","tipo":"Gasto","descripcion":"Mov 202","origenEmisora":"Banco Perf"}

POST /api/Movimientos -> 201
RespBody: {"idMovimiento":203,"idHogar":1,"idUsuario":1,"idCategoria":2,"monto":421.5,"fecha":"2026-01-01T03:23:00.0000000Z","tipo":"Ingreso","descripcion":"Mov 203","origenEmisora":"Banco Perf"}

POST /api/Movimientos -> 201
RespBody: {"idMovimiento":204,"idHogar":1,"idUsuario":1,"idCategoria":1,"monto":428.5,"fecha":"2026-01-01T03:24:00.0000000Z","tipo":"Gasto","descripcion":"Mov 204","origenEmisora":"Banco Perf"}

POST /api/Movimientos -> 201
RespBody: {"idMovimiento":205,"idHogar":1,"idUsuario":1,"idCategoria":2,"monto":435.5,"fecha":"2026-01-01T03:25:00.0000000Z","tipo":"Ingreso","descripcion":"Mov 205","origenEmisora":"Banco Perf"}

POST /api/Movimientos -> 201
RespBody: {"idMovimiento":206,"idHogar":1,"idUsuario":1,"idCategoria":1,"monto":442.5,"fecha":"2026-01-01T03:26:00.0000000Z","tipo":"Gasto","descripcion":"Mov 206","origenEmisora":"Banco Perf"}

POST /api/Movimientos -> 201
RespBody: {"idMovimiento":207,"idHogar":1,"idUsuario":1,"idCategoria":2,"monto":449.5,"fecha":"2026-01-01T03:27:00.0000000Z","tipo":"Ingreso","descripcion":"Mov 207","origenEmisora":"Banco Perf"}

POST /api/Movimientos -> 201
RespBody: {"idMovimiento":208,"idHogar":1,"idUsuario":1,"idCategoria":1,"monto":456.5,"fecha":"2026-01-01T03:28:00.0000000Z","tipo":"Gasto","descripcion":"Mov 208","origenEmisora":"Banco Perf"}

POST /api/Movimientos -> 201
RespBody: {"idMovimiento":209,"idHogar":1,"idUsuario":1,"idCategoria":2,"monto":463.5,"fecha":"2026-01-01T03:29:00.0000000Z","tipo":"Ingreso","descripcion":"Mov 209","origenEmisora":"Banco Perf"}

POST /api/Movimientos -> 201
RespBody: {"idMovimiento":210,"idHogar":1,"idUsuario":1,"idCategoria":1,"monto":470.5,"fecha":"2026-01-01T03:30:00.0000000Z","tipo":"Gasto","descripcion":"Mov 210","origenEmisora":"Banco Perf"}

POST /api/Movimientos -> 201
RespBody: {"idMovimiento":211,"idHogar":1,"idUsuario":1,"idCategoria":2,"monto":477.5,"fecha":"2026-01-01T03:31:00.0000000Z","tipo":"Ingreso","descripcion":"Mov 211","origenEmisora":"Banco Perf"}

POST /api/Movimientos -> 201
RespBody: {"idMovimiento":212,"idHogar":1,"idUsuario":1,"idCategoria":1,"monto":484.5,"fecha":"2026-01-01T03:32:00.0000000Z","tipo":"Gasto","descripcion":"Mov 212","origenEmisora":"Banco Perf"}

POST /api/Movimientos -> 201
RespBody: {"idMovimiento":213,"idHogar":1,"idUsuario":1,"idCategoria":2,"monto":491.5,"fecha":"2026-01-01T03:33:00.0000000Z","tipo":"Ingreso","descripcion":"Mov 213","origenEmisora":"Banco Perf"}

POST /api/Movimientos -> 201
RespBody: {"idMovimiento":214,"idHogar":1,"idUsuario":1,"idCategoria":1,"monto":498.5,"fecha":"2026-01-01T03:34:00.0000000Z","tipo":"Gasto","descripcion":"Mov 214","origenEmisora":"Banco Perf"}

POST /api/Movimientos -> 201
RespBody: {"idMovimiento":215,"idHogar":1,"idUsuario":1,"idCategoria":2,"monto":505.5,"fecha":"2026-01-01T03:35:00.0000000Z","tipo":"Ingreso","descripcion":"Mov 215","origenEmisora":"Banco Perf"}

POST /api/Movimientos -> 201
RespBody: {"idMovimiento":216,"idHogar":1,"idUsuario":1,"idCategoria":1,"monto":512.5,"fecha":"2026-01-01T03:36:00.0000000Z","tipo":"Gasto","descripcion":"Mov 216","origenEmisora":"Banco Perf"}

POST /api/Movimientos -> 201
RespBody: {"idMovimiento":217,"idHogar":1,"idUsuario":1,"idCategoria":2,"monto":519.5,"fecha":"2026-01-01T03:37:00.0000000Z","tipo":"Ingreso","descripcion":"Mov 217","origenEmisora":"Banco Perf"}

POST /api/Movimientos -> 201
RespBody: {"idMovimiento":218,"idHogar":1,"idUsuario":1,"idCategoria":1,"monto":526.5,"fecha":"2026-01-01T03:38:00.0000000Z","tipo":"Gasto","descripcion":"Mov 218","origenEmisora":"Banco Perf"}

POST /api/Movimientos -> 201
RespBody: {"idMovimiento":219,"idHogar":1,"idUsuario":1,"idCategoria":2,"monto":533.5,"fecha":"2026-01-01T03:39:00.0000000Z","tipo":"Ingreso","descripcion":"Mov 219","origenEmisora":"Banco Perf"}

POST /api/Movimientos -> 201
RespBody: {"idMovimiento":220,"idHogar":1,"idUsuario":1,"idCategoria":1,"monto":540.5,"fecha":"2026-01-01T03:40:00.0000000Z","tipo":"Gasto","descripcion":"Mov 220","origenEmisora":"Banco Perf"}

POST /api/Movimientos -> 201
RespBody: {"idMovimiento":221,"idHogar":1,"idUsuario":1,"idCategoria":2,"monto":547.5,"fecha":"2026-01-01T03:41:00.0000000Z","tipo":"Ingreso","descripcion":"Mov 221","origenEmisora":"Banco Perf"}

POST /api/Movimientos -> 201
RespBody: {"idMovimiento":222,"idHogar":1,"idUsuario":1,"idCategoria":1,"monto":554.5,"fecha":"2026-01-01T03:42:00.0000000Z","tipo":"Gasto","descripcion":"Mov 222","origenEmisora":"Banco Perf"}

POST /api/Movimientos -> 201
RespBody: {"idMovimiento":223,"idHogar":1,"idUsuario":1,"idCategoria":2,"monto":561.5,"fecha":"2026-01-01T03:43:00.0000000Z","tipo":"Ingreso","descripcion":"Mov 223","origenEmisora":"Banco Perf"}

POST /api/Movimientos -> 201
RespBody: {"idMovimiento":224,"idHogar":1,"idUsuario":1,"idCategoria":1,"monto":568.5,"fecha":"2026-01-01T03:44:00.0000000Z","tipo":"Gasto","descripcion":"Mov 224","origenEmisora":"Banco Perf"}

POST /api/Movimientos -> 201
RespBody: {"idMovimiento":225,"idHogar":1,"idUsuario":1,"idCategoria":2,"monto":575.5,"fecha":"2026-01-01T03:45:00.0000000Z","tipo":"Ingreso","descripcion":"Mov 225","origenEmisora":"Banco Perf"}

POST /api/Movimientos -> 201
RespBody: {"idMovimiento":226,"idHogar":1,"idUsuario":1,"idCategoria":1,"monto":582.5,"fecha":"2026-01-01T03:46:00.0000000Z","tipo":"Gasto","descripcion":"Mov 226","origenEmisora":"Banco Perf"}

POST /api/Movimientos -> 201
RespBody: {"idMovimiento":227,"idHogar":1,"idUsuario":1,"idCategoria":2,"monto":589.5,"fecha":"2026-01-01T03:47:00.0000000Z","tipo":"Ingreso","descripcion":"Mov 227","origenEmisora":"Banco Perf"}

POST /api/Movimientos -> 201
RespBody: {"idMovimiento":228,"idHogar":1,"idUsuario":1,"idCategoria":1,"monto":596.5,"fecha":"2026-01-01T03:48:00.0000000Z","tipo":"Gasto","descripcion":"Mov 228","origenEmisora":"Banco Perf"}

POST /api/Movimientos -> 201
RespBody: {"idMovimiento":229,"idHogar":1,"idUsuario":1,"idCategoria":2,"monto":603.5,"fecha":"2026-01-01T03:49:00.0000000Z","tipo":"Ingreso","descripcion":"Mov 229","origenEmisora":"Banco Perf"}

POST /api/Movimientos -> 201
RespBody: {"idMovimiento":230,"idHogar":1,"idUsuario":1,"idCategoria":1,"monto":610.5,"fecha":"2026-01-01T03:50:00.0000000Z","tipo":"Gasto","descripcion":"Mov 230","origenEmisora":"Banco Perf"}

POST /api/Movimientos -> 201
RespBody: {"idMovimiento":231,"idHogar":1,"idUsuario":1,"idCategoria":2,"monto":617.5,"fecha":"2026-01-01T03:51:00.0000000Z","tipo":"Ingreso","descripcion":"Mov 231","origenEmisora":"Banco Perf"}

POST /api/Movimientos -> 201
RespBody: {"idMovimiento":232,"idHogar":1,"idUsuario":1,"idCategoria":1,"monto":624.5,"fecha":"2026-01-01T03:52:00.0000000Z","tipo":"Gasto","descripcion":"Mov 232","origenEmisora":"Banco Perf"}

POST /api/Movimientos -> 201
RespBody: {"idMovimiento":233,"idHogar":1,"idUsuario":1,"idCategoria":2,"monto":631.5,"fecha":"2026-01-01T03:53:00.0000000Z","tipo":"Ingreso","descripcion":"Mov 233","origenEmisora":"Banco Perf"}

POST /api/Movimientos -> 201
RespBody: {"idMovimiento":234,"idHogar":1,"idUsuario":1,"idCategoria":1,"monto":638.5,"fecha":"2026-01-01T03:54:00.0000000Z","tipo":"Gasto","descripcion":"Mov 234","origenEmisora":"Banco Perf"}

POST /api/Movimientos -> 201
RespBody: {"idMovimiento":235,"idHogar":1,"idUsuario":1,"idCategoria":2,"monto":645.5,"fecha":"2026-01-01T03:55:00.0000000Z","tipo":"Ingreso","descripcion":"Mov 235","origenEmisora":"Banco Perf"}

POST /api/Movimientos -> 201
RespBody: {"idMovimiento":236,"idHogar":1,"idUsuario":1,"idCategoria":1,"monto":652.5,"fecha":"2026-01-01T03:56:00.0000000Z","tipo":"Gasto","descripcion":"Mov 236","origenEmisora":"Banco Perf"}

POST /api/Movimientos -> 201
RespBody: {"idMovimiento":237,"idHogar":1,"idUsuario":1,"idCategoria":2,"monto":659.5,"fecha":"2026-01-01T03:57:00.0000000Z","tipo":"Ingreso","descripcion":"Mov 237","origenEmisora":"Banco Perf"}

POST /api/Movimientos -> 201
RespBody: {"idMovimiento":238,"idHogar":1,"idUsuario":1,"idCategoria":1,"monto":666.5,"fecha":"2026-01-01T03:58:00.0000000Z","tipo":"Gasto","descripcion":"Mov 238","origenEmisora":"Banco Perf"}

POST /api/Movimientos -> 201
RespBody: {"idMovimiento":239,"idHogar":1,"idUsuario":1,"idCategoria":2,"monto":673.5,"fecha":"2026-01-01T03:59:00.0000000Z","tipo":"Ingreso","descripcion":"Mov 239","origenEmisora":"Banco Perf"}

POST /api/Movimientos -> 201
RespBody: {"idMovimiento":240,"idHogar":1,"idUsuario":1,"idCategoria":1,"monto":680.5,"fecha":"2026-01-01T04:00:00.0000000Z","tipo":"Gasto","descripcion":"Mov 240","origenEmisora":"Banco Perf"}

POST /api/Movimientos -> 201
RespBody: {"idMovimiento":241,"idHogar":1,"idUsuario":1,"idCategoria":2,"monto":687.5,"fecha":"2026-01-01T04:01:00.0000000Z","tipo":"Ingreso","descripcion":"Mov 241","origenEmisora":"Banco Perf"}

POST /api/Movimientos -> 201
RespBody: {"idMovimiento":242,"idHogar":1,"idUsuario":1,"idCategoria":1,"monto":694.5,"fecha":"2026-01-01T04:02:00.0000000Z","tipo":"Gasto","descripcion":"Mov 242","origenEmisora":"Banco Perf"}

POST /api/Movimientos -> 201
RespBody: {"idMovimiento":243,"idHogar":1,"idUsuario":1,"idCategoria":2,"monto":701.5,"fecha":"2026-01-01T04:03:00.0000000Z","tipo":"Ingreso","descripcion":"Mov 243","origenEmisora":"Banco Perf"}

POST /api/Movimientos -> 201
RespBody: {"idMovimiento":244,"idHogar":1,"idUsuario":1,"idCategoria":1,"monto":708.5,"fecha":"2026-01-01T04:04:00.0000000Z","tipo":"Gasto","descripcion":"Mov 244","origenEmisora":"Banco Perf"}

POST /api/Movimientos -> 201
RespBody: {"idMovimiento":245,"idHogar":1,"idUsuario":1,"idCategoria":2,"monto":715.5,"fecha":"2026-01-01T04:05:00.0000000Z","tipo":"Ingreso","descripcion":"Mov 245","origenEmisora":"Banco Perf"}

POST /api/Movimientos -> 201
RespBody: {"idMovimiento":246,"idHogar":1,"idUsuario":1,"idCategoria":1,"monto":722.5,"fecha":"2026-01-01T04:06:00.0000000Z","tipo":"Gasto","descripcion":"Mov 246","origenEmisora":"Banco Perf"}

POST /api/Movimientos -> 201
RespBody: {"idMovimiento":247,"idHogar":1,"idUsuario":1,"idCategoria":2,"monto":729.5,"fecha":"2026-01-01T04:07:00.0000000Z","tipo":"Ingreso","descripcion":"Mov 247","origenEmisora":"Banco Perf"}

POST /api/Movimientos -> 201
RespBody: {"idMovimiento":248,"idHogar":1,"idUsuario":1,"idCategoria":1,"monto":736.5,"fecha":"2026-01-01T04:08:00.0000000Z","tipo":"Gasto","descripcion":"Mov 248","origenEmisora":"Banco Perf"}

POST /api/Movimientos -> 201
RespBody: {"idMovimiento":249,"idHogar":1,"idUsuario":1,"idCategoria":2,"monto":743.5,"fecha":"2026-01-01T04:09:00.0000000Z","tipo":"Ingreso","descripcion":"Mov 249","origenEmisora":"Banco Perf"}

POST /api/Movimientos -> 201
RespBody: {"idMovimiento":250,"idHogar":1,"idUsuario":1,"idCategoria":1,"monto":750.5,"fecha":"2026-01-01T04:10:00.0000000Z","tipo":"Gasto","descripcion":"Mov 250","origenEmisora":"Banco Perf"}

POST /api/Movimientos -> 201
RespBody: {"idMovimiento":251,"idHogar":1,"idUsuario":1,"idCategoria":2,"monto":757.5,"fecha":"2026-01-01T04:11:00.0000000Z","tipo":"Ingreso","descripcion":"Mov 251","origenEmisora":"Banco Perf"}

POST /api/Movimientos -> 201
RespBody: {"idMovimiento":252,"idHogar":1,"idUsuario":1,"idCategoria":1,"monto":764.5,"fecha":"2026-01-01T04:12:00.0000000Z","tipo":"Gasto","descripcion":"Mov 252","origenEmisora":"Banco Perf"}

POST /api/Movimientos -> 201
RespBody: {"idMovimiento":253,"idHogar":1,"idUsuario":1,"idCategoria":2,"monto":771.5,"fecha":"2026-01-01T04:13:00.0000000Z","tipo":"Ingreso","descripcion":"Mov 253","origenEmisora":"Banco Perf"}

POST /api/Movimientos -> 201
RespBody: {"idMovimiento":254,"idHogar":1,"idUsuario":1,"idCategoria":1,"monto":778.5,"fecha":"2026-01-01T04:14:00.0000000Z","tipo":"Gasto","descripcion":"Mov 254","origenEmisora":"Banco Perf"}

POST /api/Movimientos -> 201
RespBody: {"idMovimiento":255,"idHogar":1,"idUsuario":1,"idCategoria":2,"monto":785.5,"fecha":"2026-01-01T04:15:00.0000000Z","tipo":"Ingreso","descripcion":"Mov 255","origenEmisora":"Banco Perf"}

POST /api/Movimientos -> 201
RespBody: {"idMovimiento":256,"idHogar":1,"idUsuario":1,"idCategoria":1,"monto":792.5,"fecha":"2026-01-01T04:16:00.0000000Z","tipo":"Gasto","descripcion":"Mov 256","origenEmisora":"Banco Perf"}

POST /api/Movimientos -> 201
RespBody: {"idMovimiento":257,"idHogar":1,"idUsuario":1,"idCategoria":2,"monto":799.5,"fecha":"2026-01-01T04:17:00.0000000Z","tipo":"Ingreso","descripcion":"Mov 257","origenEmisora":"Banco Perf"}

POST /api/Movimientos -> 201
RespBody: {"idMovimiento":258,"idHogar":1,"idUsuario":1,"idCategoria":1,"monto":806.5,"fecha":"2026-01-01T04:18:00.0000000Z","tipo":"Gasto","descripcion":"Mov 258","origenEmisora":"Banco Perf"}

POST /api/Movimientos -> 201
RespBody: {"idMovimiento":259,"idHogar":1,"idUsuario":1,"idCategoria":2,"monto":813.5,"fecha":"2026-01-01T04:19:00.0000000Z","tipo":"Ingreso","descripcion":"Mov 259","origenEmisora":"Banco Perf"}

POST /api/Movimientos -> 201
RespBody: {"idMovimiento":260,"idHogar":1,"idUsuario":1,"idCategoria":1,"monto":820.5,"fecha":"2026-01-01T04:20:00.0000000Z","tipo":"Gasto","descripcion":"Mov 260","origenEmisora":"Banco Perf"}

POST /api/Movimientos -> 201
RespBody: {"idMovimiento":261,"idHogar":1,"idUsuario":1,"idCategoria":2,"monto":827.5,"fecha":"2026-01-01T04:21:00.0000000Z","tipo":"Ingreso","descripcion":"Mov 261","origenEmisora":"Banco Perf"}

POST /api/Movimientos -> 201
RespBody: {"idMovimiento":262,"idHogar":1,"idUsuario":1,"idCategoria":1,"monto":834.5,"fecha":"2026-01-01T04:22:00.0000000Z","tipo":"Gasto","descripcion":"Mov 262","origenEmisora":"Banco Perf"}

POST /api/Movimientos -> 201
RespBody: {"idMovimiento":263,"idHogar":1,"idUsuario":1,"idCategoria":2,"monto":841.5,"fecha":"2026-01-01T04:23:00.0000000Z","tipo":"Ingreso","descripcion":"Mov 263","origenEmisora":"Banco Perf"}

POST /api/Movimientos -> 201
RespBody: {"idMovimiento":264,"idHogar":1,"idUsuario":1,"idCategoria":1,"monto":848.5,"fecha":"2026-01-01T04:24:00.0000000Z","tipo":"Gasto","descripcion":"Mov 264","origenEmisora":"Banco Perf"}

POST /api/Movimientos -> 201
RespBody: {"idMovimiento":265,"idHogar":1,"idUsuario":1,"idCategoria":2,"monto":855.5,"fecha":"2026-01-01T04:25:00.0000000Z","tipo":"Ingreso","descripcion":"Mov 265","origenEmisora":"Banco Perf"}

POST /api/Movimientos -> 201
RespBody: {"idMovimiento":266,"idHogar":1,"idUsuario":1,"idCategoria":1,"monto":862.5,"fecha":"2026-01-01T04:26:00.0000000Z","tipo":"Gasto","descripcion":"Mov 266","origenEmisora":"Banco Perf"}

POST /api/Movimientos -> 201
RespBody: {"idMovimiento":267,"idHogar":1,"idUsuario":1,"idCategoria":2,"monto":869.5,"fecha":"2026-01-01T04:27:00.0000000Z","tipo":"Ingreso","descripcion":"Mov 267","origenEmisora":"Banco Perf"}

POST /api/Movimientos -> 201
RespBody: {"idMovimiento":268,"idHogar":1,"idUsuario":1,"idCategoria":1,"monto":876.5,"fecha":"2026-01-01T04:28:00.0000000Z","tipo":"Gasto","descripcion":"Mov 268","origenEmisora":"Banco Perf"}

POST /api/Movimientos -> 201
RespBody: {"idMovimiento":269,"idHogar":1,"idUsuario":1,"idCategoria":2,"monto":883.5,"fecha":"2026-01-01T04:29:00.0000000Z","tipo":"Ingreso","descripcion":"Mov 269","origenEmisora":"Banco Perf"}

POST /api/Movimientos -> 201
RespBody: {"idMovimiento":270,"idHogar":1,"idUsuario":1,"idCategoria":1,"monto":890.5,"fecha":"2026-01-01T04:30:00.0000000Z","tipo":"Gasto","descripcion":"Mov 270","origenEmisora":"Banco Perf"}

POST /api/Movimientos -> 201
RespBody: {"idMovimiento":271,"idHogar":1,"idUsuario":1,"idCategoria":2,"monto":897.5,"fecha":"2026-01-01T04:31:00.0000000Z","tipo":"Ingreso","descripcion":"Mov 271","origenEmisora":"Banco Perf"}

POST /api/Movimientos -> 201
RespBody: {"idMovimiento":272,"idHogar":1,"idUsuario":1,"idCategoria":1,"monto":904.5,"fecha":"2026-01-01T04:32:00.0000000Z","tipo":"Gasto","descripcion":"Mov 272","origenEmisora":"Banco Perf"}

POST /api/Movimientos -> 201
RespBody: {"idMovimiento":273,"idHogar":1,"idUsuario":1,"idCategoria":2,"monto":911.5,"fecha":"2026-01-01T04:33:00.0000000Z","tipo":"Ingreso","descripcion":"Mov 273","origenEmisora":"Banco Perf"}

POST /api/Movimientos -> 201
RespBody: {"idMovimiento":274,"idHogar":1,"idUsuario":1,"idCategoria":1,"monto":918.5,"fecha":"2026-01-01T04:34:00.0000000Z","tipo":"Gasto","descripcion":"Mov 274","origenEmisora":"Banco Perf"}

POST /api/Movimientos -> 201
RespBody: {"idMovimiento":275,"idHogar":1,"idUsuario":1,"idCategoria":2,"monto":925.5,"fecha":"2026-01-01T04:35:00.0000000Z","tipo":"Ingreso","descripcion":"Mov 275","origenEmisora":"Banco Perf"}

POST /api/Movimientos -> 201
RespBody: {"idMovimiento":276,"idHogar":1,"idUsuario":1,"idCategoria":1,"monto":932.5,"fecha":"2026-01-01T04:36:00.0000000Z","tipo":"Gasto","descripcion":"Mov 276","origenEmisora":"Banco Perf"}

POST /api/Movimientos -> 201
RespBody: {"idMovimiento":277,"idHogar":1,"idUsuario":1,"idCategoria":2,"monto":939.5,"fecha":"2026-01-01T04:37:00.0000000Z","tipo":"Ingreso","descripcion":"Mov 277","origenEmisora":"Banco Perf"}

POST /api/Movimientos -> 201
RespBody: {"idMovimiento":278,"idHogar":1,"idUsuario":1,"idCategoria":1,"monto":946.5,"fecha":"2026-01-01T04:38:00.0000000Z","tipo":"Gasto","descripcion":"Mov 278","origenEmisora":"Banco Perf"}

POST /api/Movimientos -> 201
RespBody: {"idMovimiento":279,"idHogar":1,"idUsuario":1,"idCategoria":2,"monto":953.5,"fecha":"2026-01-01T04:39:00.0000000Z","tipo":"Ingreso","descripcion":"Mov 279","origenEmisora":"Banco Perf"}

POST /api/Movimientos -> 201
RespBody: {"idMovimiento":280,"idHogar":1,"idUsuario":1,"idCategoria":1,"monto":960.5,"fecha":"2026-01-01T04:40:00.0000000Z","tipo":"Gasto","descripcion":"Mov 280","origenEmisora":"Banco Perf"}

POST /api/Movimientos -> 201
RespBody: {"idMovimiento":281,"idHogar":1,"idUsuario":1,"idCategoria":2,"monto":967.5,"fecha":"2026-01-01T04:41:00.0000000Z","tipo":"Ingreso","descripcion":"Mov 281","origenEmisora":"Banco Perf"}

POST /api/Movimientos -> 201
RespBody: {"idMovimiento":282,"idHogar":1,"idUsuario":1,"idCategoria":1,"monto":974.5,"fecha":"2026-01-01T04:42:00.0000000Z","tipo":"Gasto","descripcion":"Mov 282","origenEmisora":"Banco Perf"}

POST /api/Movimientos -> 201
RespBody: {"idMovimiento":283,"idHogar":1,"idUsuario":1,"idCategoria":2,"monto":981.5,"fecha":"2026-01-01T04:43:00.0000000Z","tipo":"Ingreso","descripcion":"Mov 283","origenEmisora":"Banco Perf"}

POST /api/Movimientos -> 201
RespBody: {"idMovimiento":284,"idHogar":1,"idUsuario":1,"idCategoria":1,"monto":988.5,"fecha":"2026-01-01T04:44:00.0000000Z","tipo":"Gasto","descripcion":"Mov 284","origenEmisora":"Banco Perf"}

POST /api/Movimientos -> 201
RespBody: {"idMovimiento":285,"idHogar":1,"idUsuario":1,"idCategoria":2,"monto":995.5,"fecha":"2026-01-01T04:45:00.0000000Z","tipo":"Ingreso","descripcion":"Mov 285","origenEmisora":"Banco Perf"}

POST /api/Movimientos -> 201
RespBody: {"idMovimiento":286,"idHogar":1,"idUsuario":1,"idCategoria":1,"monto":2.5,"fecha":"2026-01-01T04:46:00.0000000Z","tipo":"Gasto","descripcion":"Mov 286","origenEmisora":"Banco Perf"}

POST /api/Movimientos -> 201
RespBody: {"idMovimiento":287,"idHogar":1,"idUsuario":1,"idCategoria":2,"monto":9.5,"fecha":"2026-01-01T04:47:00.0000000Z","tipo":"Ingreso","descripcion":"Mov 287","origenEmisora":"Banco Perf"}

POST /api/Movimientos -> 201
RespBody: {"idMovimiento":288,"idHogar":1,"idUsuario":1,"idCategoria":1,"monto":16.5,"fecha":"2026-01-01T04:48:00.0000000Z","tipo":"Gasto","descripcion":"Mov 288","origenEmisora":"Banco Perf"}

POST /api/Movimientos -> 201
RespBody: {"idMovimiento":289,"idHogar":1,"idUsuario":1,"idCategoria":2,"monto":23.5,"fecha":"2026-01-01T04:49:00.0000000Z","tipo":"Ingreso","descripcion":"Mov 289","origenEmisora":"Banco Perf"}

POST /api/Movimientos -> 201
RespBody: {"idMovimiento":290,"idHogar":1,"idUsuario":1,"idCategoria":1,"monto":30.5,"fecha":"2026-01-01T04:50:00.0000000Z","tipo":"Gasto","descripcion":"Mov 290","origenEmisora":"Banco Perf"}

POST /api/Movimientos -> 201
RespBody: {"idMovimiento":291,"idHogar":1,"idUsuario":1,"idCategoria":2,"monto":37.5,"fecha":"2026-01-01T04:51:00.0000000Z","tipo":"Ingreso","descripcion":"Mov 291","origenEmisora":"Banco Perf"}

POST /api/Movimientos -> 201
RespBody: {"idMovimiento":292,"idHogar":1,"idUsuario":1,"idCategoria":1,"monto":44.5,"fecha":"2026-01-01T04:52:00.0000000Z","tipo":"Gasto","descripcion":"Mov 292","origenEmisora":"Banco Perf"}

POST /api/Movimientos -> 201
RespBody: {"idMovimiento":293,"idHogar":1,"idUsuario":1,"idCategoria":2,"monto":51.5,"fecha":"2026-01-01T04:53:00.0000000Z","tipo":"Ingreso","descripcion":"Mov 293","origenEmisora":"Banco Perf"}

POST /api/Movimientos -> 201
RespBody: {"idMovimiento":294,"idHogar":1,"idUsuario":1,"idCategoria":1,"monto":58.5,"fecha":"2026-01-01T04:54:00.0000000Z","tipo":"Gasto","descripcion":"Mov 294","origenEmisora":"Banco Perf"}

POST /api/Movimientos -> 201
RespBody: {"idMovimiento":295,"idHogar":1,"idUsuario":1,"idCategoria":2,"monto":65.5,"fecha":"2026-01-01T04:55:00.0000000Z","tipo":"Ingreso","descripcion":"Mov 295","origenEmisora":"Banco Perf"}

POST /api/Movimientos -> 201
RespBody: {"idMovimiento":296,"idHogar":1,"idUsuario":1,"idCategoria":1,"monto":72.5,"fecha":"2026-01-01T04:56:00.0000000Z","tipo":"Gasto","descripcion":"Mov 296","origenEmisora":"Banco Perf"}

POST /api/Movimientos -> 201
RespBody: {"idMovimiento":297,"idHogar":1,"idUsuario":1,"idCategoria":2,"monto":79.5,"fecha":"2026-01-01T04:57:00.0000000Z","tipo":"Ingreso","descripcion":"Mov 297","origenEmisora":"Banco Perf"}

POST /api/Movimientos -> 201
RespBody: {"idMovimiento":298,"idHogar":1,"idUsuario":1,"idCategoria":1,"monto":86.5,"fecha":"2026-01-01T04:58:00.0000000Z","tipo":"Gasto","descripcion":"Mov 298","origenEmisora":"Banco Perf"}

POST /api/Movimientos -> 201
RespBody: {"idMovimiento":299,"idHogar":1,"idUsuario":1,"idCategoria":2,"monto":93.5,"fecha":"2026-01-01T04:59:00.0000000Z","tipo":"Ingreso","descripcion":"Mov 299","origenEmisora":"Banco Perf"}

POST /api/Movimientos -> 201
RespBody: {"idMovimiento":300,"idHogar":1,"idUsuario":1,"idCategoria":1,"monto":100.5,"fecha":"2026-01-01T05:00:00.0000000Z","tipo":"Gasto","descripcion":"Mov 300","origenEmisora":"Banco Perf"}

POST /api/Movimientos -> 201
RespBody: {"idMovimiento":301,"idHogar":1,"idUsuario":1,"idCategoria":2,"monto":107.5,"fecha":"2026-01-01T05:01:00.0000000Z","tipo":"Ingreso","descripcion":"Mov 301","origenEmisora":"Banco Perf"}

POST /api/Movimientos -> 201
RespBody: {"idMovimiento":302,"idHogar":1,"idUsuario":1,"idCategoria":1,"monto":114.5,"fecha":"2026-01-01T05:02:00.0000000Z","tipo":"Gasto","descripcion":"Mov 302","origenEmisora":"Banco Perf"}

POST /api/Movimientos -> 201
RespBody: {"idMovimiento":303,"idHogar":1,"idUsuario":1,"idCategoria":2,"monto":121.5,"fecha":"2026-01-01T05:03:00.0000000Z","tipo":"Ingreso","descripcion":"Mov 303","origenEmisora":"Banco Perf"}

POST /api/Movimientos -> 201
RespBody: {"idMovimiento":304,"idHogar":1,"idUsuario":1,"idCategoria":1,"monto":128.5,"fecha":"2026-01-01T05:04:00.0000000Z","tipo":"Gasto","descripcion":"Mov 304","origenEmisora":"Banco Perf"}

POST /api/Movimientos -> 201
RespBody: {"idMovimiento":305,"idHogar":1,"idUsuario":1,"idCategoria":2,"monto":135.5,"fecha":"2026-01-01T05:05:00.0000000Z","tipo":"Ingreso","descripcion":"Mov 305","origenEmisora":"Banco Perf"}

POST /api/Movimientos -> 201
RespBody: {"idMovimiento":306,"idHogar":1,"idUsuario":1,"idCategoria":1,"monto":142.5,"fecha":"2026-01-01T05:06:00.0000000Z","tipo":"Gasto","descripcion":"Mov 306","origenEmisora":"Banco Perf"}

POST /api/Movimientos -> 201
RespBody: {"idMovimiento":307,"idHogar":1,"idUsuario":1,"idCategoria":2,"monto":149.5,"fecha":"2026-01-01T05:07:00.0000000Z","tipo":"Ingreso","descripcion":"Mov 307","origenEmisora":"Banco Perf"}

POST /api/Movimientos -> 201
RespBody: {"idMovimiento":308,"idHogar":1,"idUsuario":1,"idCategoria":1,"monto":156.5,"fecha":"2026-01-01T05:08:00.0000000Z","tipo":"Gasto","descripcion":"Mov 308","origenEmisora":"Banco Perf"}

POST /api/Movimientos -> 201
RespBody: {"idMovimiento":309,"idHogar":1,"idUsuario":1,"idCategoria":2,"monto":163.5,"fecha":"2026-01-01T05:09:00.0000000Z","tipo":"Ingreso","descripcion":"Mov 309","origenEmisora":"Banco Perf"}

POST /api/Movimientos -> 201
RespBody: {"idMovimiento":310,"idHogar":1,"idUsuario":1,"idCategoria":1,"monto":170.5,"fecha":"2026-01-01T05:10:00.0000000Z","tipo":"Gasto","descripcion":"Mov 310","origenEmisora":"Banco Perf"}

POST /api/Movimientos -> 201
RespBody: {"idMovimiento":311,"idHogar":1,"idUsuario":1,"idCategoria":2,"monto":177.5,"fecha":"2026-01-01T05:11:00.0000000Z","tipo":"Ingreso","descripcion":"Mov 311","origenEmisora":"Banco Perf"}

POST /api/Movimientos -> 201
RespBody: {"idMovimiento":312,"idHogar":1,"idUsuario":1,"idCategoria":1,"monto":184.5,"fecha":"2026-01-01T05:12:00.0000000Z","tipo":"Gasto","descripcion":"Mov 312","origenEmisora":"Banco Perf"}

POST /api/Movimientos -> 201
RespBody: {"idMovimiento":313,"idHogar":1,"idUsuario":1,"idCategoria":2,"monto":191.5,"fecha":"2026-01-01T05:13:00.0000000Z","tipo":"Ingreso","descripcion":"Mov 313","origenEmisora":"Banco Perf"}

POST /api/Movimientos -> 201
RespBody: {"idMovimiento":314,"idHogar":1,"idUsuario":1,"idCategoria":1,"monto":198.5,"fecha":"2026-01-01T05:14:00.0000000Z","tipo":"Gasto","descripcion":"Mov 314","origenEmisora":"Banco Perf"}

POST /api/Movimientos -> 201
RespBody: {"idMovimiento":315,"idHogar":1,"idUsuario":1,"idCategoria":2,"monto":205.5,"fecha":"2026-01-01T05:15:00.0000000Z","tipo":"Ingreso","descripcion":"Mov 315","origenEmisora":"Banco Perf"}

POST /api/Movimientos -> 201
RespBody: {"idMovimiento":316,"idHogar":1,"idUsuario":1,"idCategoria":1,"monto":212.5,"fecha":"2026-01-01T05:16:00.0000000Z","tipo":"Gasto","descripcion":"Mov 316","origenEmisora":"Banco Perf"}

POST /api/Movimientos -> 201
RespBody: {"idMovimiento":317,"idHogar":1,"idUsuario":1,"idCategoria":2,"monto":219.5,"fecha":"2026-01-01T05:17:00.0000000Z","tipo":"Ingreso","descripcion":"Mov 317","origenEmisora":"Banco Perf"}

POST /api/Movimientos -> 201
RespBody: {"idMovimiento":318,"idHogar":1,"idUsuario":1,"idCategoria":1,"monto":226.5,"fecha":"2026-01-01T05:18:00.0000000Z","tipo":"Gasto","descripcion":"Mov 318","origenEmisora":"Banco Perf"}

POST /api/Movimientos -> 201
RespBody: {"idMovimiento":319,"idHogar":1,"idUsuario":1,"idCategoria":2,"monto":233.5,"fecha":"2026-01-01T05:19:00.0000000Z","tipo":"Ingreso","descripcion":"Mov 319","origenEmisora":"Banco Perf"}

POST /api/Movimientos -> 201
RespBody: {"idMovimiento":320,"idHogar":1,"idUsuario":1,"idCategoria":1,"monto":240.5,"fecha":"2026-01-01T05:20:00.0000000Z","tipo":"Gasto","descripcion":"Mov 320","origenEmisora":"Banco Perf"}

POST /api/Movimientos -> 201
RespBody: {"idMovimiento":321,"idHogar":1,"idUsuario":1,"idCategoria":2,"monto":247.5,"fecha":"2026-01-01T05:21:00.0000000Z","tipo":"Ingreso","descripcion":"Mov 321","origenEmisora":"Banco Perf"}

POST /api/Movimientos -> 201
RespBody: {"idMovimiento":322,"idHogar":1,"idUsuario":1,"idCategoria":1,"monto":254.5,"fecha":"2026-01-01T05:22:00.0000000Z","tipo":"Gasto","descripcion":"Mov 322","origenEmisora":"Banco Perf"}

POST /api/Movimientos -> 201
RespBody: {"idMovimiento":323,"idHogar":1,"idUsuario":1,"idCategoria":2,"monto":261.5,"fecha":"2026-01-01T05:23:00.0000000Z","tipo":"Ingreso","descripcion":"Mov 323","origenEmisora":"Banco Perf"}

POST /api/Movimientos -> 201
RespBody: {"idMovimiento":324,"idHogar":1,"idUsuario":1,"idCategoria":1,"monto":268.5,"fecha":"2026-01-01T05:24:00.0000000Z","tipo":"Gasto","descripcion":"Mov 324","origenEmisora":"Banco Perf"}

POST /api/Movimientos -> 201
RespBody: {"idMovimiento":325,"idHogar":1,"idUsuario":1,"idCategoria":2,"monto":275.5,"fecha":"2026-01-01T05:25:00.0000000Z","tipo":"Ingreso","descripcion":"Mov 325","origenEmisora":"Banco Perf"}

POST /api/Movimientos -> 201
RespBody: {"idMovimiento":326,"idHogar":1,"idUsuario":1,"idCategoria":1,"monto":282.5,"fecha":"2026-01-01T05:26:00.0000000Z","tipo":"Gasto","descripcion":"Mov 326","origenEmisora":"Banco Perf"}

POST /api/Movimientos -> 201
RespBody: {"idMovimiento":327,"idHogar":1,"idUsuario":1,"idCategoria":2,"monto":289.5,"fecha":"2026-01-01T05:27:00.0000000Z","tipo":"Ingreso","descripcion":"Mov 327","origenEmisora":"Banco Perf"}

POST /api/Movimientos -> 201
RespBody: {"idMovimiento":328,"idHogar":1,"idUsuario":1,"idCategoria":1,"monto":296.5,"fecha":"2026-01-01T05:28:00.0000000Z","tipo":"Gasto","descripcion":"Mov 328","origenEmisora":"Banco Perf"}

POST /api/Movimientos -> 201
RespBody: {"idMovimiento":329,"idHogar":1,"idUsuario":1,"idCategoria":2,"monto":303.5,"fecha":"2026-01-01T05:29:00.0000000Z","tipo":"Ingreso","descripcion":"Mov 329","origenEmisora":"Banco Perf"}

POST /api/Movimientos -> 201
RespBody: {"idMovimiento":330,"idHogar":1,"idUsuario":1,"idCategoria":1,"monto":310.5,"fecha":"2026-01-01T05:30:00.0000000Z","tipo":"Gasto","descripcion":"Mov 330","origenEmisora":"Banco Perf"}

POST /api/Movimientos -> 201
RespBody: {"idMovimiento":331,"idHogar":1,"idUsuario":1,"idCategoria":2,"monto":317.5,"fecha":"2026-01-01T05:31:00.0000000Z","tipo":"Ingreso","descripcion":"Mov 331","origenEmisora":"Banco Perf"}

POST /api/Movimientos -> 201
RespBody: {"idMovimiento":332,"idHogar":1,"idUsuario":1,"idCategoria":1,"monto":324.5,"fecha":"2026-01-01T05:32:00.0000000Z","tipo":"Gasto","descripcion":"Mov 332","origenEmisora":"Banco Perf"}

POST /api/Movimientos -> 201
RespBody: {"idMovimiento":333,"idHogar":1,"idUsuario":1,"idCategoria":2,"monto":331.5,"fecha":"2026-01-01T05:33:00.0000000Z","tipo":"Ingreso","descripcion":"Mov 333","origenEmisora":"Banco Perf"}

POST /api/Movimientos -> 201
RespBody: {"idMovimiento":334,"idHogar":1,"idUsuario":1,"idCategoria":1,"monto":338.5,"fecha":"2026-01-01T05:34:00.0000000Z","tipo":"Gasto","descripcion":"Mov 334","origenEmisora":"Banco Perf"}

POST /api/Movimientos -> 201
RespBody: {"idMovimiento":335,"idHogar":1,"idUsuario":1,"idCategoria":2,"monto":345.5,"fecha":"2026-01-01T05:35:00.0000000Z","tipo":"Ingreso","descripcion":"Mov 335","origenEmisora":"Banco Perf"}

POST /api/Movimientos -> 201
RespBody: {"idMovimiento":336,"idHogar":1,"idUsuario":1,"idCategoria":1,"monto":352.5,"fecha":"2026-01-01T05:36:00.0000000Z","tipo":"Gasto","descripcion":"Mov 336","origenEmisora":"Banco Perf"}

POST /api/Movimientos -> 201
RespBody: {"idMovimiento":337,"idHogar":1,"idUsuario":1,"idCategoria":2,"monto":359.5,"fecha":"2026-01-01T05:37:00.0000000Z","tipo":"Ingreso","descripcion":"Mov 337","origenEmisora":"Banco Perf"}

POST /api/Movimientos -> 201
RespBody: {"idMovimiento":338,"idHogar":1,"idUsuario":1,"idCategoria":1,"monto":366.5,"fecha":"2026-01-01T05:38:00.0000000Z","tipo":"Gasto","descripcion":"Mov 338","origenEmisora":"Banco Perf"}

POST /api/Movimientos -> 201
RespBody: {"idMovimiento":339,"idHogar":1,"idUsuario":1,"idCategoria":2,"monto":373.5,"fecha":"2026-01-01T05:39:00.0000000Z","tipo":"Ingreso","descripcion":"Mov 339","origenEmisora":"Banco Perf"}

POST /api/Movimientos -> 201
RespBody: {"idMovimiento":340,"idHogar":1,"idUsuario":1,"idCategoria":1,"monto":380.5,"fecha":"2026-01-01T05:40:00.0000000Z","tipo":"Gasto","descripcion":"Mov 340","origenEmisora":"Banco Perf"}

POST /api/Movimientos -> 201
RespBody: {"idMovimiento":341,"idHogar":1,"idUsuario":1,"idCategoria":2,"monto":387.5,"fecha":"2026-01-01T05:41:00.0000000Z","tipo":"Ingreso","descripcion":"Mov 341","origenEmisora":"Banco Perf"}

POST /api/Movimientos -> 201
RespBody: {"idMovimiento":342,"idHogar":1,"idUsuario":1,"idCategoria":1,"monto":394.5,"fecha":"2026-01-01T05:42:00.0000000Z","tipo":"Gasto","descripcion":"Mov 342","origenEmisora":"Banco Perf"}

POST /api/Movimientos -> 201
RespBody: {"idMovimiento":343,"idHogar":1,"idUsuario":1,"idCategoria":2,"monto":401.5,"fecha":"2026-01-01T05:43:00.0000000Z","tipo":"Ingreso","descripcion":"Mov 343","origenEmisora":"Banco Perf"}

POST /api/Movimientos -> 201
RespBody: {"idMovimiento":344,"idHogar":1,"idUsuario":1,"idCategoria":1,"monto":408.5,"fecha":"2026-01-01T05:44:00.0000000Z","tipo":"Gasto","descripcion":"Mov 344","origenEmisora":"Banco Perf"}

POST /api/Movimientos -> 201
RespBody: {"idMovimiento":345,"idHogar":1,"idUsuario":1,"idCategoria":2,"monto":415.5,"fecha":"2026-01-01T05:45:00.0000000Z","tipo":"Ingreso","descripcion":"Mov 345","origenEmisora":"Banco Perf"}

POST /api/Movimientos -> 201
RespBody: {"idMovimiento":346,"idHogar":1,"idUsuario":1,"idCategoria":1,"monto":422.5,"fecha":"2026-01-01T05:46:00.0000000Z","tipo":"Gasto","descripcion":"Mov 346","origenEmisora":"Banco Perf"}

POST /api/Movimientos -> 201
RespBody: {"idMovimiento":347,"idHogar":1,"idUsuario":1,"idCategoria":2,"monto":429.5,"fecha":"2026-01-01T05:47:00.0000000Z","tipo":"Ingreso","descripcion":"Mov 347","origenEmisora":"Banco Perf"}

POST /api/Movimientos -> 201
RespBody: {"idMovimiento":348,"idHogar":1,"idUsuario":1,"idCategoria":1,"monto":436.5,"fecha":"2026-01-01T05:48:00.0000000Z","tipo":"Gasto","descripcion":"Mov 348","origenEmisora":"Banco Perf"}

POST /api/Movimientos -> 201
RespBody: {"idMovimiento":349,"idHogar":1,"idUsuario":1,"idCategoria":2,"monto":443.5,"fecha":"2026-01-01T05:49:00.0000000Z","tipo":"Ingreso","descripcion":"Mov 349","origenEmisora":"Banco Perf"}

POST /api/Movimientos -> 201
RespBody: {"idMovimiento":350,"idHogar":1,"idUsuario":1,"idCategoria":1,"monto":450.5,"fecha":"2026-01-01T05:50:00.0000000Z","tipo":"Gasto","descripcion":"Mov 350","origenEmisora":"Banco Perf"}

POST /api/Movimientos -> 201
RespBody: {"idMovimiento":351,"idHogar":1,"idUsuario":1,"idCategoria":2,"monto":457.5,"fecha":"2026-01-01T05:51:00.0000000Z","tipo":"Ingreso","descripcion":"Mov 351","origenEmisora":"Banco Perf"}

POST /api/Movimientos -> 201
RespBody: {"idMovimiento":352,"idHogar":1,"idUsuario":1,"idCategoria":1,"monto":464.5,"fecha":"2026-01-01T05:52:00.0000000Z","tipo":"Gasto","descripcion":"Mov 352","origenEmisora":"Banco Perf"}

POST /api/Movimientos -> 201
RespBody: {"idMovimiento":353,"idHogar":1,"idUsuario":1,"idCategoria":2,"monto":471.5,"fecha":"2026-01-01T05:53:00.0000000Z","tipo":"Ingreso","descripcion":"Mov 353","origenEmisora":"Banco Perf"}

POST /api/Movimientos -> 201
RespBody: {"idMovimiento":354,"idHogar":1,"idUsuario":1,"idCategoria":1,"monto":478.5,"fecha":"2026-01-01T05:54:00.0000000Z","tipo":"Gasto","descripcion":"Mov 354","origenEmisora":"Banco Perf"}

POST /api/Movimientos -> 201
RespBody: {"idMovimiento":355,"idHogar":1,"idUsuario":1,"idCategoria":2,"monto":485.5,"fecha":"2026-01-01T05:55:00.0000000Z","tipo":"Ingreso","descripcion":"Mov 355","origenEmisora":"Banco Perf"}

POST /api/Movimientos -> 201
RespBody: {"idMovimiento":356,"idHogar":1,"idUsuario":1,"idCategoria":1,"monto":492.5,"fecha":"2026-01-01T05:56:00.0000000Z","tipo":"Gasto","descripcion":"Mov 356","origenEmisora":"Banco Perf"}

POST /api/Movimientos -> 201
RespBody: {"idMovimiento":357,"idHogar":1,"idUsuario":1,"idCategoria":2,"monto":499.5,"fecha":"2026-01-01T05:57:00.0000000Z","tipo":"Ingreso","descripcion":"Mov 357","origenEmisora":"Banco Perf"}

POST /api/Movimientos -> 201
RespBody: {"idMovimiento":358,"idHogar":1,"idUsuario":1,"idCategoria":1,"monto":506.5,"fecha":"2026-01-01T05:58:00.0000000Z","tipo":"Gasto","descripcion":"Mov 358","origenEmisora":"Banco Perf"}

POST /api/Movimientos -> 201
RespBody: {"idMovimiento":359,"idHogar":1,"idUsuario":1,"idCategoria":2,"monto":513.5,"fecha":"2026-01-01T05:59:00.0000000Z","tipo":"Ingreso","descripcion":"Mov 359","origenEmisora":"Banco Perf"}

POST /api/Movimientos -> 201
RespBody: {"idMovimiento":360,"idHogar":1,"idUsuario":1,"idCategoria":1,"monto":520.5,"fecha":"2026-01-01T06:00:00.0000000Z","tipo":"Gasto","descripcion":"Mov 360","origenEmisora":"Banco Perf"}

POST /api/Movimientos -> 201
RespBody: {"idMovimiento":361,"idHogar":1,"idUsuario":1,"idCategoria":2,"monto":527.5,"fecha":"2026-01-01T06:01:00.0000000Z","tipo":"Ingreso","descripcion":"Mov 361","origenEmisora":"Banco Perf"}

POST /api/Movimientos -> 201
RespBody: {"idMovimiento":362,"idHogar":1,"idUsuario":1,"idCategoria":1,"monto":534.5,"fecha":"2026-01-01T06:02:00.0000000Z","tipo":"Gasto","descripcion":"Mov 362","origenEmisora":"Banco Perf"}

POST /api/Movimientos -> 201
RespBody: {"idMovimiento":363,"idHogar":1,"idUsuario":1,"idCategoria":2,"monto":541.5,"fecha":"2026-01-01T06:03:00.0000000Z","tipo":"Ingreso","descripcion":"Mov 363","origenEmisora":"Banco Perf"}

POST /api/Movimientos -> 201
RespBody: {"idMovimiento":364,"idHogar":1,"idUsuario":1,"idCategoria":1,"monto":548.5,"fecha":"2026-01-01T06:04:00.0000000Z","tipo":"Gasto","descripcion":"Mov 364","origenEmisora":"Banco Perf"}

POST /api/Movimientos -> 201
RespBody: {"idMovimiento":365,"idHogar":1,"idUsuario":1,"idCategoria":2,"monto":555.5,"fecha":"2026-01-01T06:05:00.0000000Z","tipo":"Ingreso","descripcion":"Mov 365","origenEmisora":"Banco Perf"}

POST /api/Movimientos -> 201
RespBody: {"idMovimiento":366,"idHogar":1,"idUsuario":1,"idCategoria":1,"monto":562.5,"fecha":"2026-01-01T06:06:00.0000000Z","tipo":"Gasto","descripcion":"Mov 366","origenEmisora":"Banco Perf"}

POST /api/Movimientos -> 201
RespBody: {"idMovimiento":367,"idHogar":1,"idUsuario":1,"idCategoria":2,"monto":569.5,"fecha":"2026-01-01T06:07:00.0000000Z","tipo":"Ingreso","descripcion":"Mov 367","origenEmisora":"Banco Perf"}

POST /api/Movimientos -> 201
RespBody: {"idMovimiento":368,"idHogar":1,"idUsuario":1,"idCategoria":1,"monto":576.5,"fecha":"2026-01-01T06:08:00.0000000Z","tipo":"Gasto","descripcion":"Mov 368","origenEmisora":"Banco Perf"}

POST /api/Movimientos -> 201
RespBody: {"idMovimiento":369,"idHogar":1,"idUsuario":1,"idCategoria":2,"monto":583.5,"fecha":"2026-01-01T06:09:00.0000000Z","tipo":"Ingreso","descripcion":"Mov 369","origenEmisora":"Banco Perf"}

POST /api/Movimientos -> 201
RespBody: {"idMovimiento":370,"idHogar":1,"idUsuario":1,"idCategoria":1,"monto":590.5,"fecha":"2026-01-01T06:10:00.0000000Z","tipo":"Gasto","descripcion":"Mov 370","origenEmisora":"Banco Perf"}

POST /api/Movimientos -> 201
RespBody: {"idMovimiento":371,"idHogar":1,"idUsuario":1,"idCategoria":2,"monto":597.5,"fecha":"2026-01-01T06:11:00.0000000Z","tipo":"Ingreso","descripcion":"Mov 371","origenEmisora":"Banco Perf"}

POST /api/Movimientos -> 201
RespBody: {"idMovimiento":372,"idHogar":1,"idUsuario":1,"idCategoria":1,"monto":604.5,"fecha":"2026-01-01T06:12:00.0000000Z","tipo":"Gasto","descripcion":"Mov 372","origenEmisora":"Banco Perf"}

POST /api/Movimientos -> 201
RespBody: {"idMovimiento":373,"idHogar":1,"idUsuario":1,"idCategoria":2,"monto":611.5,"fecha":"2026-01-01T06:13:00.0000000Z","tipo":"Ingreso","descripcion":"Mov 373","origenEmisora":"Banco Perf"}

POST /api/Movimientos -> 201
RespBody: {"idMovimiento":374,"idHogar":1,"idUsuario":1,"idCategoria":1,"monto":618.5,"fecha":"2026-01-01T06:14:00.0000000Z","tipo":"Gasto","descripcion":"Mov 374","origenEmisora":"Banco Perf"}

POST /api/Movimientos -> 201
RespBody: {"idMovimiento":375,"idHogar":1,"idUsuario":1,"idCategoria":2,"monto":625.5,"fecha":"2026-01-01T06:15:00.0000000Z","tipo":"Ingreso","descripcion":"Mov 375","origenEmisora":"Banco Perf"}

POST /api/Movimientos -> 201
RespBody: {"idMovimiento":376,"idHogar":1,"idUsuario":1,"idCategoria":1,"monto":632.5,"fecha":"2026-01-01T06:16:00.0000000Z","tipo":"Gasto","descripcion":"Mov 376","origenEmisora":"Banco Perf"}

POST /api/Movimientos -> 201
RespBody: {"idMovimiento":377,"idHogar":1,"idUsuario":1,"idCategoria":2,"monto":639.5,"fecha":"2026-01-01T06:17:00.0000000Z","tipo":"Ingreso","descripcion":"Mov 377","origenEmisora":"Banco Perf"}

POST /api/Movimientos -> 201
RespBody: {"idMovimiento":378,"idHogar":1,"idUsuario":1,"idCategoria":1,"monto":646.5,"fecha":"2026-01-01T06:18:00.0000000Z","tipo":"Gasto","descripcion":"Mov 378","origenEmisora":"Banco Perf"}

POST /api/Movimientos -> 201
RespBody: {"idMovimiento":379,"idHogar":1,"idUsuario":1,"idCategoria":2,"monto":653.5,"fecha":"2026-01-01T06:19:00.0000000Z","tipo":"Ingreso","descripcion":"Mov 379","origenEmisora":"Banco Perf"}

POST /api/Movimientos -> 201
RespBody: {"idMovimiento":380,"idHogar":1,"idUsuario":1,"idCategoria":1,"monto":660.5,"fecha":"2026-01-01T06:20:00.0000000Z","tipo":"Gasto","descripcion":"Mov 380","origenEmisora":"Banco Perf"}

POST /api/Movimientos -> 201
RespBody: {"idMovimiento":381,"idHogar":1,"idUsuario":1,"idCategoria":2,"monto":667.5,"fecha":"2026-01-01T06:21:00.0000000Z","tipo":"Ingreso","descripcion":"Mov 381","origenEmisora":"Banco Perf"}

POST /api/Movimientos -> 201
RespBody: {"idMovimiento":382,"idHogar":1,"idUsuario":1,"idCategoria":1,"monto":674.5,"fecha":"2026-01-01T06:22:00.0000000Z","tipo":"Gasto","descripcion":"Mov 382","origenEmisora":"Banco Perf"}

POST /api/Movimientos -> 201
RespBody: {"idMovimiento":383,"idHogar":1,"idUsuario":1,"idCategoria":2,"monto":681.5,"fecha":"2026-01-01T06:23:00.0000000Z","tipo":"Ingreso","descripcion":"Mov 383","origenEmisora":"Banco Perf"}

POST /api/Movimientos -> 201
RespBody: {"idMovimiento":384,"idHogar":1,"idUsuario":1,"idCategoria":1,"monto":688.5,"fecha":"2026-01-01T06:24:00.0000000Z","tipo":"Gasto","descripcion":"Mov 384","origenEmisora":"Banco Perf"}

POST /api/Movimientos -> 201
RespBody: {"idMovimiento":385,"idHogar":1,"idUsuario":1,"idCategoria":2,"monto":695.5,"fecha":"2026-01-01T06:25:00.0000000Z","tipo":"Ingreso","descripcion":"Mov 385","origenEmisora":"Banco Perf"}

POST /api/Movimientos -> 201
RespBody: {"idMovimiento":386,"idHogar":1,"idUsuario":1,"idCategoria":1,"monto":702.5,"fecha":"2026-01-01T06:26:00.0000000Z","tipo":"Gasto","descripcion":"Mov 386","origenEmisora":"Banco Perf"}

POST /api/Movimientos -> 201
RespBody: {"idMovimiento":387,"idHogar":1,"idUsuario":1,"idCategoria":2,"monto":709.5,"fecha":"2026-01-01T06:27:00.0000000Z","tipo":"Ingreso","descripcion":"Mov 387","origenEmisora":"Banco Perf"}

POST /api/Movimientos -> 201
RespBody: {"idMovimiento":388,"idHogar":1,"idUsuario":1,"idCategoria":1,"monto":716.5,"fecha":"2026-01-01T06:28:00.0000000Z","tipo":"Gasto","descripcion":"Mov 388","origenEmisora":"Banco Perf"}

POST /api/Movimientos -> 201
RespBody: {"idMovimiento":389,"idHogar":1,"idUsuario":1,"idCategoria":2,"monto":723.5,"fecha":"2026-01-01T06:29:00.0000000Z","tipo":"Ingreso","descripcion":"Mov 389","origenEmisora":"Banco Perf"}

POST /api/Movimientos -> 201
RespBody: {"idMovimiento":390,"idHogar":1,"idUsuario":1,"idCategoria":1,"monto":730.5,"fecha":"2026-01-01T06:30:00.0000000Z","tipo":"Gasto","descripcion":"Mov 390","origenEmisora":"Banco Perf"}

POST /api/Movimientos -> 201
RespBody: {"idMovimiento":391,"idHogar":1,"idUsuario":1,"idCategoria":2,"monto":737.5,"fecha":"2026-01-01T06:31:00.0000000Z","tipo":"Ingreso","descripcion":"Mov 391","origenEmisora":"Banco Perf"}

POST /api/Movimientos -> 201
RespBody: {"idMovimiento":392,"idHogar":1,"idUsuario":1,"idCategoria":1,"monto":744.5,"fecha":"2026-01-01T06:32:00.0000000Z","tipo":"Gasto","descripcion":"Mov 392","origenEmisora":"Banco Perf"}

POST /api/Movimientos -> 201
RespBody: {"idMovimiento":393,"idHogar":1,"idUsuario":1,"idCategoria":2,"monto":751.5,"fecha":"2026-01-01T06:33:00.0000000Z","tipo":"Ingreso","descripcion":"Mov 393","origenEmisora":"Banco Perf"}

POST /api/Movimientos -> 201
RespBody: {"idMovimiento":394,"idHogar":1,"idUsuario":1,"idCategoria":1,"monto":758.5,"fecha":"2026-01-01T06:34:00.0000000Z","tipo":"Gasto","descripcion":"Mov 394","origenEmisora":"Banco Perf"}

POST /api/Movimientos -> 201
RespBody: {"idMovimiento":395,"idHogar":1,"idUsuario":1,"idCategoria":2,"monto":765.5,"fecha":"2026-01-01T06:35:00.0000000Z","tipo":"Ingreso","descripcion":"Mov 395","origenEmisora":"Banco Perf"}

POST /api/Movimientos -> 201
RespBody: {"idMovimiento":396,"idHogar":1,"idUsuario":1,"idCategoria":1,"monto":772.5,"fecha":"2026-01-01T06:36:00.0000000Z","tipo":"Gasto","descripcion":"Mov 396","origenEmisora":"Banco Perf"}

POST /api/Movimientos -> 201
RespBody: {"idMovimiento":397,"idHogar":1,"idUsuario":1,"idCategoria":2,"monto":779.5,"fecha":"2026-01-01T06:37:00.0000000Z","tipo":"Ingreso","descripcion":"Mov 397","origenEmisora":"Banco Perf"}

POST /api/Movimientos -> 201
RespBody: {"idMovimiento":398,"idHogar":1,"idUsuario":1,"idCategoria":1,"monto":786.5,"fecha":"2026-01-01T06:38:00.0000000Z","tipo":"Gasto","descripcion":"Mov 398","origenEmisora":"Banco Perf"}

POST /api/Movimientos -> 201
RespBody: {"idMovimiento":399,"idHogar":1,"idUsuario":1,"idCategoria":2,"monto":793.5,"fecha":"2026-01-01T06:39:00.0000000Z","tipo":"Ingreso","descripcion":"Mov 399","origenEmisora":"Banco Perf"}

POST /api/Movimientos -> 201
RespBody: {"idMovimiento":400,"idHogar":1,"idUsuario":1,"idCategoria":1,"monto":800.5,"fecha":"2026-01-01T06:40:00.0000000Z","tipo":"Gasto","descripcion":"Mov 400","origenEmisora":"Banco Perf"}

POST /api/Movimientos -> 201
RespBody: {"idMovimiento":401,"idHogar":1,"idUsuario":1,"idCategoria":2,"monto":807.5,"fecha":"2026-01-01T06:41:00.0000000Z","tipo":"Ingreso","descripcion":"Mov 401","origenEmisora":"Banco Perf"}

POST /api/Movimientos -> 201
RespBody: {"idMovimiento":402,"idHogar":1,"idUsuario":1,"idCategoria":1,"monto":814.5,"fecha":"2026-01-01T06:42:00.0000000Z","tipo":"Gasto","descripcion":"Mov 402","origenEmisora":"Banco Perf"}

POST /api/Movimientos -> 201
RespBody: {"idMovimiento":403,"idHogar":1,"idUsuario":1,"idCategoria":2,"monto":821.5,"fecha":"2026-01-01T06:43:00.0000000Z","tipo":"Ingreso","descripcion":"Mov 403","origenEmisora":"Banco Perf"}

POST /api/Movimientos -> 201
RespBody: {"idMovimiento":404,"idHogar":1,"idUsuario":1,"idCategoria":1,"monto":828.5,"fecha":"2026-01-01T06:44:00.0000000Z","tipo":"Gasto","descripcion":"Mov 404","origenEmisora":"Banco Perf"}

POST /api/Movimientos -> 201
RespBody: {"idMovimiento":405,"idHogar":1,"idUsuario":1,"idCategoria":2,"monto":835.5,"fecha":"2026-01-01T06:45:00.0000000Z","tipo":"Ingreso","descripcion":"Mov 405","origenEmisora":"Banco Perf"}

POST /api/Movimientos -> 201
RespBody: {"idMovimiento":406,"idHogar":1,"idUsuario":1,"idCategoria":1,"monto":842.5,"fecha":"2026-01-01T06:46:00.0000000Z","tipo":"Gasto","descripcion":"Mov 406","origenEmisora":"Banco Perf"}

POST /api/Movimientos -> 201
RespBody: {"idMovimiento":407,"idHogar":1,"idUsuario":1,"idCategoria":2,"monto":849.5,"fecha":"2026-01-01T06:47:00.0000000Z","tipo":"Ingreso","descripcion":"Mov 407","origenEmisora":"Banco Perf"}

POST /api/Movimientos -> 201
RespBody: {"idMovimiento":408,"idHogar":1,"idUsuario":1,"idCategoria":1,"monto":856.5,"fecha":"2026-01-01T06:48:00.0000000Z","tipo":"Gasto","descripcion":"Mov 408","origenEmisora":"Banco Perf"}

POST /api/Movimientos -> 201
RespBody: {"idMovimiento":409,"idHogar":1,"idUsuario":1,"idCategoria":2,"monto":863.5,"fecha":"2026-01-01T06:49:00.0000000Z","tipo":"Ingreso","descripcion":"Mov 409","origenEmisora":"Banco Perf"}

POST /api/Movimientos -> 201
RespBody: {"idMovimiento":410,"idHogar":1,"idUsuario":1,"idCategoria":1,"monto":870.5,"fecha":"2026-01-01T06:50:00.0000000Z","tipo":"Gasto","descripcion":"Mov 410","origenEmisora":"Banco Perf"}

POST /api/Movimientos -> 201
RespBody: {"idMovimiento":411,"idHogar":1,"idUsuario":1,"idCategoria":2,"monto":877.5,"fecha":"2026-01-01T06:51:00.0000000Z","tipo":"Ingreso","descripcion":"Mov 411","origenEmisora":"Banco Perf"}

POST /api/Movimientos -> 201
RespBody: {"idMovimiento":412,"idHogar":1,"idUsuario":1,"idCategoria":1,"monto":884.5,"fecha":"2026-01-01T06:52:00.0000000Z","tipo":"Gasto","descripcion":"Mov 412","origenEmisora":"Banco Perf"}

POST /api/Movimientos -> 201
RespBody: {"idMovimiento":413,"idHogar":1,"idUsuario":1,"idCategoria":2,"monto":891.5,"fecha":"2026-01-01T06:53:00.0000000Z","tipo":"Ingreso","descripcion":"Mov 413","origenEmisora":"Banco Perf"}

POST /api/Movimientos -> 201
RespBody: {"idMovimiento":414,"idHogar":1,"idUsuario":1,"idCategoria":1,"monto":898.5,"fecha":"2026-01-01T06:54:00.0000000Z","tipo":"Gasto","descripcion":"Mov 414","origenEmisora":"Banco Perf"}

POST /api/Movimientos -> 201
RespBody: {"idMovimiento":415,"idHogar":1,"idUsuario":1,"idCategoria":2,"monto":905.5,"fecha":"2026-01-01T06:55:00.0000000Z","tipo":"Ingreso","descripcion":"Mov 415","origenEmisora":"Banco Perf"}

POST /api/Movimientos -> 201
RespBody: {"idMovimiento":416,"idHogar":1,"idUsuario":1,"idCategoria":1,"monto":912.5,"fecha":"2026-01-01T06:56:00.0000000Z","tipo":"Gasto","descripcion":"Mov 416","origenEmisora":"Banco Perf"}

POST /api/Movimientos -> 201
RespBody: {"idMovimiento":417,"idHogar":1,"idUsuario":1,"idCategoria":2,"monto":919.5,"fecha":"2026-01-01T06:57:00.0000000Z","tipo":"Ingreso","descripcion":"Mov 417","origenEmisora":"Banco Perf"}

POST /api/Movimientos -> 201
RespBody: {"idMovimiento":418,"idHogar":1,"idUsuario":1,"idCategoria":1,"monto":926.5,"fecha":"2026-01-01T06:58:00.0000000Z","tipo":"Gasto","descripcion":"Mov 418","origenEmisora":"Banco Perf"}

POST /api/Movimientos -> 201
RespBody: {"idMovimiento":419,"idHogar":1,"idUsuario":1,"idCategoria":2,"monto":933.5,"fecha":"2026-01-01T06:59:00.0000000Z","tipo":"Ingreso","descripcion":"Mov 419","origenEmisora":"Banco Perf"}

POST /api/Movimientos -> 201
RespBody: {"idMovimiento":420,"idHogar":1,"idUsuario":1,"idCategoria":1,"monto":940.5,"fecha":"2026-01-01T07:00:00.0000000Z","tipo":"Gasto","descripcion":"Mov 420","origenEmisora":"Banco Perf"}

POST /api/Movimientos -> 201
RespBody: {"idMovimiento":421,"idHogar":1,"idUsuario":1,"idCategoria":2,"monto":947.5,"fecha":"2026-01-01T07:01:00.0000000Z","tipo":"Ingreso","descripcion":"Mov 421","origenEmisora":"Banco Perf"}

POST /api/Movimientos -> 201
RespBody: {"idMovimiento":422,"idHogar":1,"idUsuario":1,"idCategoria":1,"monto":954.5,"fecha":"2026-01-01T07:02:00.0000000Z","tipo":"Gasto","descripcion":"Mov 422","origenEmisora":"Banco Perf"}

POST /api/Movimientos -> 201
RespBody: {"idMovimiento":423,"idHogar":1,"idUsuario":1,"idCategoria":2,"monto":961.5,"fecha":"2026-01-01T07:03:00.0000000Z","tipo":"Ingreso","descripcion":"Mov 423","origenEmisora":"Banco Perf"}

POST /api/Movimientos -> 201
RespBody: {"idMovimiento":424,"idHogar":1,"idUsuario":1,"idCategoria":1,"monto":968.5,"fecha":"2026-01-01T07:04:00.0000000Z","tipo":"Gasto","descripcion":"Mov 424","origenEmisora":"Banco Perf"}

POST /api/Movimientos -> 201
RespBody: {"idMovimiento":425,"idHogar":1,"idUsuario":1,"idCategoria":2,"monto":975.5,"fecha":"2026-01-01T07:05:00.0000000Z","tipo":"Ingreso","descripcion":"Mov 425","origenEmisora":"Banco Perf"}

POST /api/Movimientos -> 201
RespBody: {"idMovimiento":426,"idHogar":1,"idUsuario":1,"idCategoria":1,"monto":982.5,"fecha":"2026-01-01T07:06:00.0000000Z","tipo":"Gasto","descripcion":"Mov 426","origenEmisora":"Banco Perf"}

POST /api/Movimientos -> 201
RespBody: {"idMovimiento":427,"idHogar":1,"idUsuario":1,"idCategoria":2,"monto":989.5,"fecha":"2026-01-01T07:07:00.0000000Z","tipo":"Ingreso","descripcion":"Mov 427","origenEmisora":"Banco Perf"}

POST /api/Movimientos -> 201
RespBody: {"idMovimiento":428,"idHogar":1,"idUsuario":1,"idCategoria":1,"monto":996.5,"fecha":"2026-01-01T07:08:00.0000000Z","tipo":"Gasto","descripcion":"Mov 428","origenEmisora":"Banco Perf"}

POST /api/Movimientos -> 201
RespBody: {"idMovimiento":429,"idHogar":1,"idUsuario":1,"idCategoria":2,"monto":3.5,"fecha":"2026-01-01T07:09:00.0000000Z","tipo":"Ingreso","descripcion":"Mov 429","origenEmisora":"Banco Perf"}

POST /api/Movimientos -> 201
RespBody: {"idMovimiento":430,"idHogar":1,"idUsuario":1,"idCategoria":1,"monto":10.5,"fecha":"2026-01-01T07:10:00.0000000Z","tipo":"Gasto","descripcion":"Mov 430","origenEmisora":"Banco Perf"}

POST /api/Movimientos -> 201
RespBody: {"idMovimiento":431,"idHogar":1,"idUsuario":1,"idCategoria":2,"monto":17.5,"fecha":"2026-01-01T07:11:00.0000000Z","tipo":"Ingreso","descripcion":"Mov 431","origenEmisora":"Banco Perf"}

POST /api/Movimientos -> 201
RespBody: {"idMovimiento":432,"idHogar":1,"idUsuario":1,"idCategoria":1,"monto":24.5,"fecha":"2026-01-01T07:12:00.0000000Z","tipo":"Gasto","descripcion":"Mov 432","origenEmisora":"Banco Perf"}

POST /api/Movimientos -> 201
RespBody: {"idMovimiento":433,"idHogar":1,"idUsuario":1,"idCategoria":2,"monto":31.5,"fecha":"2026-01-01T07:13:00.0000000Z","tipo":"Ingreso","descripcion":"Mov 433","origenEmisora":"Banco Perf"}

POST /api/Movimientos -> 201
RespBody: {"idMovimiento":434,"idHogar":1,"idUsuario":1,"idCategoria":1,"monto":38.5,"fecha":"2026-01-01T07:14:00.0000000Z","tipo":"Gasto","descripcion":"Mov 434","origenEmisora":"Banco Perf"}

POST /api/Movimientos -> 201
RespBody: {"idMovimiento":435,"idHogar":1,"idUsuario":1,"idCategoria":2,"monto":45.5,"fecha":"2026-01-01T07:15:00.0000000Z","tipo":"Ingreso","descripcion":"Mov 435","origenEmisora":"Banco Perf"}

POST /api/Movimientos -> 201
RespBody: {"idMovimiento":436,"idHogar":1,"idUsuario":1,"idCategoria":1,"monto":52.5,"fecha":"2026-01-01T07:16:00.0000000Z","tipo":"Gasto","descripcion":"Mov 436","origenEmisora":"Banco Perf"}

POST /api/Movimientos -> 201
RespBody: {"idMovimiento":437,"idHogar":1,"idUsuario":1,"idCategoria":2,"monto":59.5,"fecha":"2026-01-01T07:17:00.0000000Z","tipo":"Ingreso","descripcion":"Mov 437","origenEmisora":"Banco Perf"}

POST /api/Movimientos -> 201
RespBody: {"idMovimiento":438,"idHogar":1,"idUsuario":1,"idCategoria":1,"monto":66.5,"fecha":"2026-01-01T07:18:00.0000000Z","tipo":"Gasto","descripcion":"Mov 438","origenEmisora":"Banco Perf"}

POST /api/Movimientos -> 201
RespBody: {"idMovimiento":439,"idHogar":1,"idUsuario":1,"idCategoria":2,"monto":73.5,"fecha":"2026-01-01T07:19:00.0000000Z","tipo":"Ingreso","descripcion":"Mov 439","origenEmisora":"Banco Perf"}

POST /api/Movimientos -> 201
RespBody: {"idMovimiento":440,"idHogar":1,"idUsuario":1,"idCategoria":1,"monto":80.5,"fecha":"2026-01-01T07:20:00.0000000Z","tipo":"Gasto","descripcion":"Mov 440","origenEmisora":"Banco Perf"}

POST /api/Movimientos -> 201
RespBody: {"idMovimiento":441,"idHogar":1,"idUsuario":1,"idCategoria":2,"monto":87.5,"fecha":"2026-01-01T07:21:00.0000000Z","tipo":"Ingreso","descripcion":"Mov 441","origenEmisora":"Banco Perf"}

POST /api/Movimientos -> 201
RespBody: {"idMovimiento":442,"idHogar":1,"idUsuario":1,"idCategoria":1,"monto":94.5,"fecha":"2026-01-01T07:22:00.0000000Z","tipo":"Gasto","descripcion":"Mov 442","origenEmisora":"Banco Perf"}

POST /api/Movimientos -> 201
RespBody: {"idMovimiento":443,"idHogar":1,"idUsuario":1,"idCategoria":2,"monto":101.5,"fecha":"2026-01-01T07:23:00.0000000Z","tipo":"Ingreso","descripcion":"Mov 443","origenEmisora":"Banco Perf"}

POST /api/Movimientos -> 201
RespBody: {"idMovimiento":444,"idHogar":1,"idUsuario":1,"idCategoria":1,"monto":108.5,"fecha":"2026-01-01T07:24:00.0000000Z","tipo":"Gasto","descripcion":"Mov 444","origenEmisora":"Banco Perf"}

POST /api/Movimientos -> 201
RespBody: {"idMovimiento":445,"idHogar":1,"idUsuario":1,"idCategoria":2,"monto":115.5,"fecha":"2026-01-01T07:25:00.0000000Z","tipo":"Ingreso","descripcion":"Mov 445","origenEmisora":"Banco Perf"}

POST /api/Movimientos -> 201
RespBody: {"idMovimiento":446,"idHogar":1,"idUsuario":1,"idCategoria":1,"monto":122.5,"fecha":"2026-01-01T07:26:00.0000000Z","tipo":"Gasto","descripcion":"Mov 446","origenEmisora":"Banco Perf"}

POST /api/Movimientos -> 201
RespBody: {"idMovimiento":447,"idHogar":1,"idUsuario":1,"idCategoria":2,"monto":129.5,"fecha":"2026-01-01T07:27:00.0000000Z","tipo":"Ingreso","descripcion":"Mov 447","origenEmisora":"Banco Perf"}

POST /api/Movimientos -> 201
RespBody: {"idMovimiento":448,"idHogar":1,"idUsuario":1,"idCategoria":1,"monto":136.5,"fecha":"2026-01-01T07:28:00.0000000Z","tipo":"Gasto","descripcion":"Mov 448","origenEmisora":"Banco Perf"}

POST /api/Movimientos -> 201
RespBody: {"idMovimiento":449,"idHogar":1,"idUsuario":1,"idCategoria":2,"monto":143.5,"fecha":"2026-01-01T07:29:00.0000000Z","tipo":"Ingreso","descripcion":"Mov 449","origenEmisora":"Banco Perf"}

POST /api/Movimientos -> 201
RespBody: {"idMovimiento":450,"idHogar":1,"idUsuario":1,"idCategoria":1,"monto":150.5,"fecha":"2026-01-01T07:30:00.0000000Z","tipo":"Gasto","descripcion":"Mov 450","origenEmisora":"Banco Perf"}

POST /api/Movimientos -> 201
RespBody: {"idMovimiento":451,"idHogar":1,"idUsuario":1,"idCategoria":2,"monto":157.5,"fecha":"2026-01-01T07:31:00.0000000Z","tipo":"Ingreso","descripcion":"Mov 451","origenEmisora":"Banco Perf"}

POST /api/Movimientos -> 201
RespBody: {"idMovimiento":452,"idHogar":1,"idUsuario":1,"idCategoria":1,"monto":164.5,"fecha":"2026-01-01T07:32:00.0000000Z","tipo":"Gasto","descripcion":"Mov 452","origenEmisora":"Banco Perf"}

POST /api/Movimientos -> 201
RespBody: {"idMovimiento":453,"idHogar":1,"idUsuario":1,"idCategoria":2,"monto":171.5,"fecha":"2026-01-01T07:33:00.0000000Z","tipo":"Ingreso","descripcion":"Mov 453","origenEmisora":"Banco Perf"}

POST /api/Movimientos -> 201
RespBody: {"idMovimiento":454,"idHogar":1,"idUsuario":1,"idCategoria":1,"monto":178.5,"fecha":"2026-01-01T07:34:00.0000000Z","tipo":"Gasto","descripcion":"Mov 454","origenEmisora":"Banco Perf"}

POST /api/Movimientos -> 201
RespBody: {"idMovimiento":455,"idHogar":1,"idUsuario":1,"idCategoria":2,"monto":185.5,"fecha":"2026-01-01T07:35:00.0000000Z","tipo":"Ingreso","descripcion":"Mov 455","origenEmisora":"Banco Perf"}

POST /api/Movimientos -> 201
RespBody: {"idMovimiento":456,"idHogar":1,"idUsuario":1,"idCategoria":1,"monto":192.5,"fecha":"2026-01-01T07:36:00.0000000Z","tipo":"Gasto","descripcion":"Mov 456","origenEmisora":"Banco Perf"}

POST /api/Movimientos -> 201
RespBody: {"idMovimiento":457,"idHogar":1,"idUsuario":1,"idCategoria":2,"monto":199.5,"fecha":"2026-01-01T07:37:00.0000000Z","tipo":"Ingreso","descripcion":"Mov 457","origenEmisora":"Banco Perf"}

POST /api/Movimientos -> 201
RespBody: {"idMovimiento":458,"idHogar":1,"idUsuario":1,"idCategoria":1,"monto":206.5,"fecha":"2026-01-01T07:38:00.0000000Z","tipo":"Gasto","descripcion":"Mov 458","origenEmisora":"Banco Perf"}

POST /api/Movimientos -> 201
RespBody: {"idMovimiento":459,"idHogar":1,"idUsuario":1,"idCategoria":2,"monto":213.5,"fecha":"2026-01-01T07:39:00.0000000Z","tipo":"Ingreso","descripcion":"Mov 459","origenEmisora":"Banco Perf"}

POST /api/Movimientos -> 201
RespBody: {"idMovimiento":460,"idHogar":1,"idUsuario":1,"idCategoria":1,"monto":220.5,"fecha":"2026-01-01T07:40:00.0000000Z","tipo":"Gasto","descripcion":"Mov 460","origenEmisora":"Banco Perf"}

POST /api/Movimientos -> 201
RespBody: {"idMovimiento":461,"idHogar":1,"idUsuario":1,"idCategoria":2,"monto":227.5,"fecha":"2026-01-01T07:41:00.0000000Z","tipo":"Ingreso","descripcion":"Mov 461","origenEmisora":"Banco Perf"}

POST /api/Movimientos -> 201
RespBody: {"idMovimiento":462,"idHogar":1,"idUsuario":1,"idCategoria":1,"monto":234.5,"fecha":"2026-01-01T07:42:00.0000000Z","tipo":"Gasto","descripcion":"Mov 462","origenEmisora":"Banco Perf"}

POST /api/Movimientos -> 201
RespBody: {"idMovimiento":463,"idHogar":1,"idUsuario":1,"idCategoria":2,"monto":241.5,"fecha":"2026-01-01T07:43:00.0000000Z","tipo":"Ingreso","descripcion":"Mov 463","origenEmisora":"Banco Perf"}

POST /api/Movimientos -> 201
RespBody: {"idMovimiento":464,"idHogar":1,"idUsuario":1,"idCategoria":1,"monto":248.5,"fecha":"2026-01-01T07:44:00.0000000Z","tipo":"Gasto","descripcion":"Mov 464","origenEmisora":"Banco Perf"}

POST /api/Movimientos -> 201
RespBody: {"idMovimiento":465,"idHogar":1,"idUsuario":1,"idCategoria":2,"monto":255.5,"fecha":"2026-01-01T07:45:00.0000000Z","tipo":"Ingreso","descripcion":"Mov 465","origenEmisora":"Banco Perf"}

POST /api/Movimientos -> 201
RespBody: {"idMovimiento":466,"idHogar":1,"idUsuario":1,"idCategoria":1,"monto":262.5,"fecha":"2026-01-01T07:46:00.0000000Z","tipo":"Gasto","descripcion":"Mov 466","origenEmisora":"Banco Perf"}

POST /api/Movimientos -> 201
RespBody: {"idMovimiento":467,"idHogar":1,"idUsuario":1,"idCategoria":2,"monto":269.5,"fecha":"2026-01-01T07:47:00.0000000Z","tipo":"Ingreso","descripcion":"Mov 467","origenEmisora":"Banco Perf"}

POST /api/Movimientos -> 201
RespBody: {"idMovimiento":468,"idHogar":1,"idUsuario":1,"idCategoria":1,"monto":276.5,"fecha":"2026-01-01T07:48:00.0000000Z","tipo":"Gasto","descripcion":"Mov 468","origenEmisora":"Banco Perf"}

POST /api/Movimientos -> 201
RespBody: {"idMovimiento":469,"idHogar":1,"idUsuario":1,"idCategoria":2,"monto":283.5,"fecha":"2026-01-01T07:49:00.0000000Z","tipo":"Ingreso","descripcion":"Mov 469","origenEmisora":"Banco Perf"}

POST /api/Movimientos -> 201
RespBody: {"idMovimiento":470,"idHogar":1,"idUsuario":1,"idCategoria":1,"monto":290.5,"fecha":"2026-01-01T07:50:00.0000000Z","tipo":"Gasto","descripcion":"Mov 470","origenEmisora":"Banco Perf"}

POST /api/Movimientos -> 201
RespBody: {"idMovimiento":471,"idHogar":1,"idUsuario":1,"idCategoria":2,"monto":297.5,"fecha":"2026-01-01T07:51:00.0000000Z","tipo":"Ingreso","descripcion":"Mov 471","origenEmisora":"Banco Perf"}

POST /api/Movimientos -> 201
RespBody: {"idMovimiento":472,"idHogar":1,"idUsuario":1,"idCategoria":1,"monto":304.5,"fecha":"2026-01-01T07:52:00.0000000Z","tipo":"Gasto","descripcion":"Mov 472","origenEmisora":"Banco Perf"}

POST /api/Movimientos -> 201
RespBody: {"idMovimiento":473,"idHogar":1,"idUsuario":1,"idCategoria":2,"monto":311.5,"fecha":"2026-01-01T07:53:00.0000000Z","tipo":"Ingreso","descripcion":"Mov 473","origenEmisora":"Banco Perf"}

POST /api/Movimientos -> 201
RespBody: {"idMovimiento":474,"idHogar":1,"idUsuario":1,"idCategoria":1,"monto":318.5,"fecha":"2026-01-01T07:54:00.0000000Z","tipo":"Gasto","descripcion":"Mov 474","origenEmisora":"Banco Perf"}

POST /api/Movimientos -> 201
RespBody: {"idMovimiento":475,"idHogar":1,"idUsuario":1,"idCategoria":2,"monto":325.5,"fecha":"2026-01-01T07:55:00.0000000Z","tipo":"Ingreso","descripcion":"Mov 475","origenEmisora":"Banco Perf"}

POST /api/Movimientos -> 201
RespBody: {"idMovimiento":476,"idHogar":1,"idUsuario":1,"idCategoria":1,"monto":332.5,"fecha":"2026-01-01T07:56:00.0000000Z","tipo":"Gasto","descripcion":"Mov 476","origenEmisora":"Banco Perf"}

POST /api/Movimientos -> 201
RespBody: {"idMovimiento":477,"idHogar":1,"idUsuario":1,"idCategoria":2,"monto":339.5,"fecha":"2026-01-01T07:57:00.0000000Z","tipo":"Ingreso","descripcion":"Mov 477","origenEmisora":"Banco Perf"}

POST /api/Movimientos -> 201
RespBody: {"idMovimiento":478,"idHogar":1,"idUsuario":1,"idCategoria":1,"monto":346.5,"fecha":"2026-01-01T07:58:00.0000000Z","tipo":"Gasto","descripcion":"Mov 478","origenEmisora":"Banco Perf"}

POST /api/Movimientos -> 201
RespBody: {"idMovimiento":479,"idHogar":1,"idUsuario":1,"idCategoria":2,"monto":353.5,"fecha":"2026-01-01T07:59:00.0000000Z","tipo":"Ingreso","descripcion":"Mov 479","origenEmisora":"Banco Perf"}

POST /api/Movimientos -> 201
RespBody: {"idMovimiento":480,"idHogar":1,"idUsuario":1,"idCategoria":1,"monto":360.5,"fecha":"2026-01-01T08:00:00.0000000Z","tipo":"Gasto","descripcion":"Mov 480","origenEmisora":"Banco Perf"}

POST /api/Movimientos -> 201
RespBody: {"idMovimiento":481,"idHogar":1,"idUsuario":1,"idCategoria":2,"monto":367.5,"fecha":"2026-01-01T08:01:00.0000000Z","tipo":"Ingreso","descripcion":"Mov 481","origenEmisora":"Banco Perf"}

POST /api/Movimientos -> 201
RespBody: {"idMovimiento":482,"idHogar":1,"idUsuario":1,"idCategoria":1,"monto":374.5,"fecha":"2026-01-01T08:02:00.0000000Z","tipo":"Gasto","descripcion":"Mov 482","origenEmisora":"Banco Perf"}

POST /api/Movimientos -> 201
RespBody: {"idMovimiento":483,"idHogar":1,"idUsuario":1,"idCategoria":2,"monto":381.5,"fecha":"2026-01-01T08:03:00.0000000Z","tipo":"Ingreso","descripcion":"Mov 483","origenEmisora":"Banco Perf"}

POST /api/Movimientos -> 201
RespBody: {"idMovimiento":484,"idHogar":1,"idUsuario":1,"idCategoria":1,"monto":388.5,"fecha":"2026-01-01T08:04:00.0000000Z","tipo":"Gasto","descripcion":"Mov 484","origenEmisora":"Banco Perf"}

POST /api/Movimientos -> 201
RespBody: {"idMovimiento":485,"idHogar":1,"idUsuario":1,"idCategoria":2,"monto":395.5,"fecha":"2026-01-01T08:05:00.0000000Z","tipo":"Ingreso","descripcion":"Mov 485","origenEmisora":"Banco Perf"}

POST /api/Movimientos -> 201
RespBody: {"idMovimiento":486,"idHogar":1,"idUsuario":1,"idCategoria":1,"monto":402.5,"fecha":"2026-01-01T08:06:00.0000000Z","tipo":"Gasto","descripcion":"Mov 486","origenEmisora":"Banco Perf"}

POST /api/Movimientos -> 201
RespBody: {"idMovimiento":487,"idHogar":1,"idUsuario":1,"idCategoria":2,"monto":409.5,"fecha":"2026-01-01T08:07:00.0000000Z","tipo":"Ingreso","descripcion":"Mov 487","origenEmisora":"Banco Perf"}

POST /api/Movimientos -> 201
RespBody: {"idMovimiento":488,"idHogar":1,"idUsuario":1,"idCategoria":1,"monto":416.5,"fecha":"2026-01-01T08:08:00.0000000Z","tipo":"Gasto","descripcion":"Mov 488","origenEmisora":"Banco Perf"}

POST /api/Movimientos -> 201
RespBody: {"idMovimiento":489,"idHogar":1,"idUsuario":1,"idCategoria":2,"monto":423.5,"fecha":"2026-01-01T08:09:00.0000000Z","tipo":"Ingreso","descripcion":"Mov 489","origenEmisora":"Banco Perf"}

POST /api/Movimientos -> 201
RespBody: {"idMovimiento":490,"idHogar":1,"idUsuario":1,"idCategoria":1,"monto":430.5,"fecha":"2026-01-01T08:10:00.0000000Z","tipo":"Gasto","descripcion":"Mov 490","origenEmisora":"Banco Perf"}

POST /api/Movimientos -> 201
RespBody: {"idMovimiento":491,"idHogar":1,"idUsuario":1,"idCategoria":2,"monto":437.5,"fecha":"2026-01-01T08:11:00.0000000Z","tipo":"Ingreso","descripcion":"Mov 491","origenEmisora":"Banco Perf"}

POST /api/Movimientos -> 201
RespBody: {"idMovimiento":492,"idHogar":1,"idUsuario":1,"idCategoria":1,"monto":444.5,"fecha":"2026-01-01T08:12:00.0000000Z","tipo":"Gasto","descripcion":"Mov 492","origenEmisora":"Banco Perf"}

POST /api/Movimientos -> 201
RespBody: {"idMovimiento":493,"idHogar":1,"idUsuario":1,"idCategoria":2,"monto":451.5,"fecha":"2026-01-01T08:13:00.0000000Z","tipo":"Ingreso","descripcion":"Mov 493","origenEmisora":"Banco Perf"}

POST /api/Movimientos -> 201
RespBody: {"idMovimiento":494,"idHogar":1,"idUsuario":1,"idCategoria":1,"monto":458.5,"fecha":"2026-01-01T08:14:00.0000000Z","tipo":"Gasto","descripcion":"Mov 494","origenEmisora":"Banco Perf"}

POST /api/Movimientos -> 201
RespBody: {"idMovimiento":495,"idHogar":1,"idUsuario":1,"idCategoria":2,"monto":465.5,"fecha":"2026-01-01T08:15:00.0000000Z","tipo":"Ingreso","descripcion":"Mov 495","origenEmisora":"Banco Perf"}

POST /api/Movimientos -> 201
RespBody: {"idMovimiento":496,"idHogar":1,"idUsuario":1,"idCategoria":1,"monto":472.5,"fecha":"2026-01-01T08:16:00.0000000Z","tipo":"Gasto","descripcion":"Mov 496","origenEmisora":"Banco Perf"}

POST /api/Movimientos -> 201
RespBody: {"idMovimiento":497,"idHogar":1,"idUsuario":1,"idCategoria":2,"monto":479.5,"fecha":"2026-01-01T08:17:00.0000000Z","tipo":"Ingreso","descripcion":"Mov 497","origenEmisora":"Banco Perf"}

POST /api/Movimientos -> 201
RespBody: {"idMovimiento":498,"idHogar":1,"idUsuario":1,"idCategoria":1,"monto":486.5,"fecha":"2026-01-01T08:18:00.0000000Z","tipo":"Gasto","descripcion":"Mov 498","origenEmisora":"Banco Perf"}

POST /api/Movimientos -> 201
RespBody: {"idMovimiento":499,"idHogar":1,"idUsuario":1,"idCategoria":2,"monto":493.5,"fecha":"2026-01-01T08:19:00.0000000Z","tipo":"Ingreso","descripcion":"Mov 499","origenEmisora":"Banco Perf"}

POST /api/Movimientos -> 201
RespBody: {"idMovimiento":500,"idHogar":1,"idUsuario":1,"idCategoria":1,"monto":500.5,"fecha":"2026-01-01T08:20:00.0000000Z","tipo":"Gasto","descripcion":"Mov 500","origenEmisora":"Banco Perf"}

POST /api/Movimientos -> 201
RespBody: {"idMovimiento":501,"idHogar":1,"idUsuario":1,"idCategoria":2,"monto":507.5,"fecha":"2026-01-01T08:21:00.0000000Z","tipo":"Ingreso","descripcion":"Mov 501","origenEmisora":"Banco Perf"}

POST /api/Movimientos -> 201
RespBody: {"idMovimiento":502,"idHogar":1,"idUsuario":1,"idCategoria":1,"monto":514.5,"fecha":"2026-01-01T08:22:00.0000000Z","tipo":"Gasto","descripcion":"Mov 502","origenEmisora":"Banco Perf"}

POST /api/Movimientos -> 201
RespBody: {"idMovimiento":503,"idHogar":1,"idUsuario":1,"idCategoria":2,"monto":521.5,"fecha":"2026-01-01T08:23:00.0000000Z","tipo":"Ingreso","descripcion":"Mov 503","origenEmisora":"Banco Perf"}

POST /api/Movimientos -> 201
RespBody: {"idMovimiento":504,"idHogar":1,"idUsuario":1,"idCategoria":1,"monto":528.5,"fecha":"2026-01-01T08:24:00.0000000Z","tipo":"Gasto","descripcion":"Mov 504","origenEmisora":"Banco Perf"}

POST /api/Movimientos -> 201
RespBody: {"idMovimiento":505,"idHogar":1,"idUsuario":1,"idCategoria":2,"monto":535.5,"fecha":"2026-01-01T08:25:00.0000000Z","tipo":"Ingreso","descripcion":"Mov 505","origenEmisora":"Banco Perf"}

POST /api/Movimientos -> 201
RespBody: {"idMovimiento":506,"idHogar":1,"idUsuario":1,"idCategoria":1,"monto":542.5,"fecha":"2026-01-01T08:26:00.0000000Z","tipo":"Gasto","descripcion":"Mov 506","origenEmisora":"Banco Perf"}

POST /api/Movimientos -> 201
RespBody: {"idMovimiento":507,"idHogar":1,"idUsuario":1,"idCategoria":2,"monto":549.5,"fecha":"2026-01-01T08:27:00.0000000Z","tipo":"Ingreso","descripcion":"Mov 507","origenEmisora":"Banco Perf"}

POST /api/Movimientos -> 201
RespBody: {"idMovimiento":508,"idHogar":1,"idUsuario":1,"idCategoria":1,"monto":556.5,"fecha":"2026-01-01T08:28:00.0000000Z","tipo":"Gasto","descripcion":"Mov 508","origenEmisora":"Banco Perf"}

POST /api/Movimientos -> 201
RespBody: {"idMovimiento":509,"idHogar":1,"idUsuario":1,"idCategoria":2,"monto":563.5,"fecha":"2026-01-01T08:29:00.0000000Z","tipo":"Ingreso","descripcion":"Mov 509","origenEmisora":"Banco Perf"}

POST /api/Movimientos -> 201
RespBody: {"idMovimiento":510,"idHogar":1,"idUsuario":1,"idCategoria":1,"monto":570.5,"fecha":"2026-01-01T08:30:00.0000000Z","tipo":"Gasto","descripcion":"Mov 510","origenEmisora":"Banco Perf"}

POST /api/Movimientos -> 201
RespBody: {"idMovimiento":511,"idHogar":1,"idUsuario":1,"idCategoria":2,"monto":577.5,"fecha":"2026-01-01T08:31:00.0000000Z","tipo":"Ingreso","descripcion":"Mov 511","origenEmisora":"Banco Perf"}

POST /api/Movimientos -> 201
RespBody: {"idMovimiento":512,"idHogar":1,"idUsuario":1,"idCategoria":1,"monto":584.5,"fecha":"2026-01-01T08:32:00.0000000Z","tipo":"Gasto","descripcion":"Mov 512","origenEmisora":"Banco Perf"}

POST /api/Movimientos -> 201
RespBody: {"idMovimiento":513,"idHogar":1,"idUsuario":1,"idCategoria":2,"monto":591.5,"fecha":"2026-01-01T08:33:00.0000000Z","tipo":"Ingreso","descripcion":"Mov 513","origenEmisora":"Banco Perf"}

POST /api/Movimientos -> 201
RespBody: {"idMovimiento":514,"idHogar":1,"idUsuario":1,"idCategoria":1,"monto":598.5,"fecha":"2026-01-01T08:34:00.0000000Z","tipo":"Gasto","descripcion":"Mov 514","origenEmisora":"Banco Perf"}

POST /api/Movimientos -> 201
RespBody: {"idMovimiento":515,"idHogar":1,"idUsuario":1,"idCategoria":2,"monto":605.5,"fecha":"2026-01-01T08:35:00.0000000Z","tipo":"Ingreso","descripcion":"Mov 515","origenEmisora":"Banco Perf"}

POST /api/Movimientos -> 201
RespBody: {"idMovimiento":516,"idHogar":1,"idUsuario":1,"idCategoria":1,"monto":612.5,"fecha":"2026-01-01T08:36:00.0000000Z","tipo":"Gasto","descripcion":"Mov 516","origenEmisora":"Banco Perf"}

POST /api/Movimientos -> 201
RespBody: {"idMovimiento":517,"idHogar":1,"idUsuario":1,"idCategoria":2,"monto":619.5,"fecha":"2026-01-01T08:37:00.0000000Z","tipo":"Ingreso","descripcion":"Mov 517","origenEmisora":"Banco Perf"}

POST /api/Movimientos -> 201
RespBody: {"idMovimiento":518,"idHogar":1,"idUsuario":1,"idCategoria":1,"monto":626.5,"fecha":"2026-01-01T08:38:00.0000000Z","tipo":"Gasto","descripcion":"Mov 518","origenEmisora":"Banco Perf"}

POST /api/Movimientos -> 201
RespBody: {"idMovimiento":519,"idHogar":1,"idUsuario":1,"idCategoria":2,"monto":633.5,"fecha":"2026-01-01T08:39:00.0000000Z","tipo":"Ingreso","descripcion":"Mov 519","origenEmisora":"Banco Perf"}

POST /api/Movimientos -> 201
RespBody: {"idMovimiento":520,"idHogar":1,"idUsuario":1,"idCategoria":1,"monto":640.5,"fecha":"2026-01-01T08:40:00.0000000Z","tipo":"Gasto","descripcion":"Mov 520","origenEmisora":"Banco Perf"}

POST /api/Movimientos -> 201
RespBody: {"idMovimiento":521,"idHogar":1,"idUsuario":1,"idCategoria":2,"monto":647.5,"fecha":"2026-01-01T08:41:00.0000000Z","tipo":"Ingreso","descripcion":"Mov 521","origenEmisora":"Banco Perf"}

POST /api/Movimientos -> 201
RespBody: {"idMovimiento":522,"idHogar":1,"idUsuario":1,"idCategoria":1,"monto":654.5,"fecha":"2026-01-01T08:42:00.0000000Z","tipo":"Gasto","descripcion":"Mov 522","origenEmisora":"Banco Perf"}

POST /api/Movimientos -> 201
RespBody: {"idMovimiento":523,"idHogar":1,"idUsuario":1,"idCategoria":2,"monto":661.5,"fecha":"2026-01-01T08:43:00.0000000Z","tipo":"Ingreso","descripcion":"Mov 523","origenEmisora":"Banco Perf"}

POST /api/Movimientos -> 201
RespBody: {"idMovimiento":524,"idHogar":1,"idUsuario":1,"idCategoria":1,"monto":668.5,"fecha":"2026-01-01T08:44:00.0000000Z","tipo":"Gasto","descripcion":"Mov 524","origenEmisora":"Banco Perf"}

POST /api/Movimientos -> 201
RespBody: {"idMovimiento":525,"idHogar":1,"idUsuario":1,"idCategoria":2,"monto":675.5,"fecha":"2026-01-01T08:45:00.0000000Z","tipo":"Ingreso","descripcion":"Mov 525","origenEmisora":"Banco Perf"}

POST /api/Movimientos -> 201
RespBody: {"idMovimiento":526,"idHogar":1,"idUsuario":1,"idCategoria":1,"monto":682.5,"fecha":"2026-01-01T08:46:00.0000000Z","tipo":"Gasto","descripcion":"Mov 526","origenEmisora":"Banco Perf"}

POST /api/Movimientos -> 201
RespBody: {"idMovimiento":527,"idHogar":1,"idUsuario":1,"idCategoria":2,"monto":689.5,"fecha":"2026-01-01T08:47:00.0000000Z","tipo":"Ingreso","descripcion":"Mov 527","origenEmisora":"Banco Perf"}

POST /api/Movimientos -> 201
RespBody: {"idMovimiento":528,"idHogar":1,"idUsuario":1,"idCategoria":1,"monto":696.5,"fecha":"2026-01-01T08:48:00.0000000Z","tipo":"Gasto","descripcion":"Mov 528","origenEmisora":"Banco Perf"}

POST /api/Movimientos -> 201
RespBody: {"idMovimiento":529,"idHogar":1,"idUsuario":1,"idCategoria":2,"monto":703.5,"fecha":"2026-01-01T08:49:00.0000000Z","tipo":"Ingreso","descripcion":"Mov 529","origenEmisora":"Banco Perf"}

POST /api/Movimientos -> 201
RespBody: {"idMovimiento":530,"idHogar":1,"idUsuario":1,"idCategoria":1,"monto":710.5,"fecha":"2026-01-01T08:50:00.0000000Z","tipo":"Gasto","descripcion":"Mov 530","origenEmisora":"Banco Perf"}

POST /api/Movimientos -> 201
RespBody: {"idMovimiento":531,"idHogar":1,"idUsuario":1,"idCategoria":2,"monto":717.5,"fecha":"2026-01-01T08:51:00.0000000Z","tipo":"Ingreso","descripcion":"Mov 531","origenEmisora":"Banco Perf"}

POST /api/Movimientos -> 201
RespBody: {"idMovimiento":532,"idHogar":1,"idUsuario":1,"idCategoria":1,"monto":724.5,"fecha":"2026-01-01T08:52:00.0000000Z","tipo":"Gasto","descripcion":"Mov 532","origenEmisora":"Banco Perf"}

POST /api/Movimientos -> 201
RespBody: {"idMovimiento":533,"idHogar":1,"idUsuario":1,"idCategoria":2,"monto":731.5,"fecha":"2026-01-01T08:53:00.0000000Z","tipo":"Ingreso","descripcion":"Mov 533","origenEmisora":"Banco Perf"}

POST /api/Movimientos -> 201
RespBody: {"idMovimiento":534,"idHogar":1,"idUsuario":1,"idCategoria":1,"monto":738.5,"fecha":"2026-01-01T08:54:00.0000000Z","tipo":"Gasto","descripcion":"Mov 534","origenEmisora":"Banco Perf"}

POST /api/Movimientos -> 201
RespBody: {"idMovimiento":535,"idHogar":1,"idUsuario":1,"idCategoria":2,"monto":745.5,"fecha":"2026-01-01T08:55:00.0000000Z","tipo":"Ingreso","descripcion":"Mov 535","origenEmisora":"Banco Perf"}

POST /api/Movimientos -> 201
RespBody: {"idMovimiento":536,"idHogar":1,"idUsuario":1,"idCategoria":1,"monto":752.5,"fecha":"2026-01-01T08:56:00.0000000Z","tipo":"Gasto","descripcion":"Mov 536","origenEmisora":"Banco Perf"}

POST /api/Movimientos -> 201
RespBody: {"idMovimiento":537,"idHogar":1,"idUsuario":1,"idCategoria":2,"monto":759.5,"fecha":"2026-01-01T08:57:00.0000000Z","tipo":"Ingreso","descripcion":"Mov 537","origenEmisora":"Banco Perf"}

POST /api/Movimientos -> 201
RespBody: {"idMovimiento":538,"idHogar":1,"idUsuario":1,"idCategoria":1,"monto":766.5,"fecha":"2026-01-01T08:58:00.0000000Z","tipo":"Gasto","descripcion":"Mov 538","origenEmisora":"Banco Perf"}

POST /api/Movimientos -> 201
RespBody: {"idMovimiento":539,"idHogar":1,"idUsuario":1,"idCategoria":2,"monto":773.5,"fecha":"2026-01-01T08:59:00.0000000Z","tipo":"Ingreso","descripcion":"Mov 539","origenEmisora":"Banco Perf"}

POST /api/Movimientos -> 201
RespBody: {"idMovimiento":540,"idHogar":1,"idUsuario":1,"idCategoria":1,"monto":780.5,"fecha":"2026-01-01T09:00:00.0000000Z","tipo":"Gasto","descripcion":"Mov 540","origenEmisora":"Banco Perf"}

POST /api/Movimientos -> 201
RespBody: {"idMovimiento":541,"idHogar":1,"idUsuario":1,"idCategoria":2,"monto":787.5,"fecha":"2026-01-01T09:01:00.0000000Z","tipo":"Ingreso","descripcion":"Mov 541","origenEmisora":"Banco Perf"}

POST /api/Movimientos -> 201
RespBody: {"idMovimiento":542,"idHogar":1,"idUsuario":1,"idCategoria":1,"monto":794.5,"fecha":"2026-01-01T09:02:00.0000000Z","tipo":"Gasto","descripcion":"Mov 542","origenEmisora":"Banco Perf"}

POST /api/Movimientos -> 201
RespBody: {"idMovimiento":543,"idHogar":1,"idUsuario":1,"idCategoria":2,"monto":801.5,"fecha":"2026-01-01T09:03:00.0000000Z","tipo":"Ingreso","descripcion":"Mov 543","origenEmisora":"Banco Perf"}

POST /api/Movimientos -> 201
RespBody: {"idMovimiento":544,"idHogar":1,"idUsuario":1,"idCategoria":1,"monto":808.5,"fecha":"2026-01-01T09:04:00.0000000Z","tipo":"Gasto","descripcion":"Mov 544","origenEmisora":"Banco Perf"}

POST /api/Movimientos -> 201
RespBody: {"idMovimiento":545,"idHogar":1,"idUsuario":1,"idCategoria":2,"monto":815.5,"fecha":"2026-01-01T09:05:00.0000000Z","tipo":"Ingreso","descripcion":"Mov 545","origenEmisora":"Banco Perf"}

POST /api/Movimientos -> 201
RespBody: {"idMovimiento":546,"idHogar":1,"idUsuario":1,"idCategoria":1,"monto":822.5,"fecha":"2026-01-01T09:06:00.0000000Z","tipo":"Gasto","descripcion":"Mov 546","origenEmisora":"Banco Perf"}

POST /api/Movimientos -> 201
RespBody: {"idMovimiento":547,"idHogar":1,"idUsuario":1,"idCategoria":2,"monto":829.5,"fecha":"2026-01-01T09:07:00.0000000Z","tipo":"Ingreso","descripcion":"Mov 547","origenEmisora":"Banco Perf"}

POST /api/Movimientos -> 201
RespBody: {"idMovimiento":548,"idHogar":1,"idUsuario":1,"idCategoria":1,"monto":836.5,"fecha":"2026-01-01T09:08:00.0000000Z","tipo":"Gasto","descripcion":"Mov 548","origenEmisora":"Banco Perf"}

POST /api/Movimientos -> 201
RespBody: {"idMovimiento":549,"idHogar":1,"idUsuario":1,"idCategoria":2,"monto":843.5,"fecha":"2026-01-01T09:09:00.0000000Z","tipo":"Ingreso","descripcion":"Mov 549","origenEmisora":"Banco Perf"}

POST /api/Movimientos -> 201
RespBody: {"idMovimiento":550,"idHogar":1,"idUsuario":1,"idCategoria":1,"monto":850.5,"fecha":"2026-01-01T09:10:00.0000000Z","tipo":"Gasto","descripcion":"Mov 550","origenEmisora":"Banco Perf"}

POST /api/Movimientos -> 201
RespBody: {"idMovimiento":551,"idHogar":1,"idUsuario":1,"idCategoria":2,"monto":857.5,"fecha":"2026-01-01T09:11:00.0000000Z","tipo":"Ingreso","descripcion":"Mov 551","origenEmisora":"Banco Perf"}

POST /api/Movimientos -> 201
RespBody: {"idMovimiento":552,"idHogar":1,"idUsuario":1,"idCategoria":1,"monto":864.5,"fecha":"2026-01-01T09:12:00.0000000Z","tipo":"Gasto","descripcion":"Mov 552","origenEmisora":"Banco Perf"}

POST /api/Movimientos -> 201
RespBody: {"idMovimiento":553,"idHogar":1,"idUsuario":1,"idCategoria":2,"monto":871.5,"fecha":"2026-01-01T09:13:00.0000000Z","tipo":"Ingreso","descripcion":"Mov 553","origenEmisora":"Banco Perf"}

POST /api/Movimientos -> 201
RespBody: {"idMovimiento":554,"idHogar":1,"idUsuario":1,"idCategoria":1,"monto":878.5,"fecha":"2026-01-01T09:14:00.0000000Z","tipo":"Gasto","descripcion":"Mov 554","origenEmisora":"Banco Perf"}

POST /api/Movimientos -> 201
RespBody: {"idMovimiento":555,"idHogar":1,"idUsuario":1,"idCategoria":2,"monto":885.5,"fecha":"2026-01-01T09:15:00.0000000Z","tipo":"Ingreso","descripcion":"Mov 555","origenEmisora":"Banco Perf"}

POST /api/Movimientos -> 201
RespBody: {"idMovimiento":556,"idHogar":1,"idUsuario":1,"idCategoria":1,"monto":892.5,"fecha":"2026-01-01T09:16:00.0000000Z","tipo":"Gasto","descripcion":"Mov 556","origenEmisora":"Banco Perf"}

POST /api/Movimientos -> 201
RespBody: {"idMovimiento":557,"idHogar":1,"idUsuario":1,"idCategoria":2,"monto":899.5,"fecha":"2026-01-01T09:17:00.0000000Z","tipo":"Ingreso","descripcion":"Mov 557","origenEmisora":"Banco Perf"}

POST /api/Movimientos -> 201
RespBody: {"idMovimiento":558,"idHogar":1,"idUsuario":1,"idCategoria":1,"monto":906.5,"fecha":"2026-01-01T09:18:00.0000000Z","tipo":"Gasto","descripcion":"Mov 558","origenEmisora":"Banco Perf"}

POST /api/Movimientos -> 201
RespBody: {"idMovimiento":559,"idHogar":1,"idUsuario":1,"idCategoria":2,"monto":913.5,"fecha":"2026-01-01T09:19:00.0000000Z","tipo":"Ingreso","descripcion":"Mov 559","origenEmisora":"Banco Perf"}

POST /api/Movimientos -> 201
RespBody: {"idMovimiento":560,"idHogar":1,"idUsuario":1,"idCategoria":1,"monto":920.5,"fecha":"2026-01-01T09:20:00.0000000Z","tipo":"Gasto","descripcion":"Mov 560","origenEmisora":"Banco Perf"}

POST /api/Movimientos -> 201
RespBody: {"idMovimiento":561,"idHogar":1,"idUsuario":1,"idCategoria":2,"monto":927.5,"fecha":"2026-01-01T09:21:00.0000000Z","tipo":"Ingreso","descripcion":"Mov 561","origenEmisora":"Banco Perf"}

POST /api/Movimientos -> 201
RespBody: {"idMovimiento":562,"idHogar":1,"idUsuario":1,"idCategoria":1,"monto":934.5,"fecha":"2026-01-01T09:22:00.0000000Z","tipo":"Gasto","descripcion":"Mov 562","origenEmisora":"Banco Perf"}

POST /api/Movimientos -> 201
RespBody: {"idMovimiento":563,"idHogar":1,"idUsuario":1,"idCategoria":2,"monto":941.5,"fecha":"2026-01-01T09:23:00.0000000Z","tipo":"Ingreso","descripcion":"Mov 563","origenEmisora":"Banco Perf"}

POST /api/Movimientos -> 201
RespBody: {"idMovimiento":564,"idHogar":1,"idUsuario":1,"idCategoria":1,"monto":948.5,"fecha":"2026-01-01T09:24:00.0000000Z","tipo":"Gasto","descripcion":"Mov 564","origenEmisora":"Banco Perf"}

POST /api/Movimientos -> 201
RespBody: {"idMovimiento":565,"idHogar":1,"idUsuario":1,"idCategoria":2,"monto":955.5,"fecha":"2026-01-01T09:25:00.0000000Z","tipo":"Ingreso","descripcion":"Mov 565","origenEmisora":"Banco Perf"}

POST /api/Movimientos -> 201
RespBody: {"idMovimiento":566,"idHogar":1,"idUsuario":1,"idCategoria":1,"monto":962.5,"fecha":"2026-01-01T09:26:00.0000000Z","tipo":"Gasto","descripcion":"Mov 566","origenEmisora":"Banco Perf"}

POST /api/Movimientos -> 201
RespBody: {"idMovimiento":567,"idHogar":1,"idUsuario":1,"idCategoria":2,"monto":969.5,"fecha":"2026-01-01T09:27:00.0000000Z","tipo":"Ingreso","descripcion":"Mov 567","origenEmisora":"Banco Perf"}

POST /api/Movimientos -> 201
RespBody: {"idMovimiento":568,"idHogar":1,"idUsuario":1,"idCategoria":1,"monto":976.5,"fecha":"2026-01-01T09:28:00.0000000Z","tipo":"Gasto","descripcion":"Mov 568","origenEmisora":"Banco Perf"}

POST /api/Movimientos -> 201
RespBody: {"idMovimiento":569,"idHogar":1,"idUsuario":1,"idCategoria":2,"monto":983.5,"fecha":"2026-01-01T09:29:00.0000000Z","tipo":"Ingreso","descripcion":"Mov 569","origenEmisora":"Banco Perf"}

POST /api/Movimientos -> 201
RespBody: {"idMovimiento":570,"idHogar":1,"idUsuario":1,"idCategoria":1,"monto":990.5,"fecha":"2026-01-01T09:30:00.0000000Z","tipo":"Gasto","descripcion":"Mov 570","origenEmisora":"Banco Perf"}

POST /api/Movimientos -> 201
RespBody: {"idMovimiento":571,"idHogar":1,"idUsuario":1,"idCategoria":2,"monto":997.5,"fecha":"2026-01-01T09:31:00.0000000Z","tipo":"Ingreso","descripcion":"Mov 571","origenEmisora":"Banco Perf"}

POST /api/Movimientos -> 201
RespBody: {"idMovimiento":572,"idHogar":1,"idUsuario":1,"idCategoria":1,"monto":4.5,"fecha":"2026-01-01T09:32:00.0000000Z","tipo":"Gasto","descripcion":"Mov 572","origenEmisora":"Banco Perf"}

POST /api/Movimientos -> 201
RespBody: {"idMovimiento":573,"idHogar":1,"idUsuario":1,"idCategoria":2,"monto":11.5,"fecha":"2026-01-01T09:33:00.0000000Z","tipo":"Ingreso","descripcion":"Mov 573","origenEmisora":"Banco Perf"}

POST /api/Movimientos -> 201
RespBody: {"idMovimiento":574,"idHogar":1,"idUsuario":1,"idCategoria":1,"monto":18.5,"fecha":"2026-01-01T09:34:00.0000000Z","tipo":"Gasto","descripcion":"Mov 574","origenEmisora":"Banco Perf"}

POST /api/Movimientos -> 201
RespBody: {"idMovimiento":575,"idHogar":1,"idUsuario":1,"idCategoria":2,"monto":25.5,"fecha":"2026-01-01T09:35:00.0000000Z","tipo":"Ingreso","descripcion":"Mov 575","origenEmisora":"Banco Perf"}

POST /api/Movimientos -> 201
RespBody: {"idMovimiento":576,"idHogar":1,"idUsuario":1,"idCategoria":1,"monto":32.5,"fecha":"2026-01-01T09:36:00.0000000Z","tipo":"Gasto","descripcion":"Mov 576","origenEmisora":"Banco Perf"}

POST /api/Movimientos -> 201
RespBody: {"idMovimiento":577,"idHogar":1,"idUsuario":1,"idCategoria":2,"monto":39.5,"fecha":"2026-01-01T09:37:00.0000000Z","tipo":"Ingreso","descripcion":"Mov 577","origenEmisora":"Banco Perf"}

POST /api/Movimientos -> 201
RespBody: {"idMovimiento":578,"idHogar":1,"idUsuario":1,"idCategoria":1,"monto":46.5,"fecha":"2026-01-01T09:38:00.0000000Z","tipo":"Gasto","descripcion":"Mov 578","origenEmisora":"Banco Perf"}

POST /api/Movimientos -> 201
RespBody: {"idMovimiento":579,"idHogar":1,"idUsuario":1,"idCategoria":2,"monto":53.5,"fecha":"2026-01-01T09:39:00.0000000Z","tipo":"Ingreso","descripcion":"Mov 579","origenEmisora":"Banco Perf"}

POST /api/Movimientos -> 201
RespBody: {"idMovimiento":580,"idHogar":1,"idUsuario":1,"idCategoria":1,"monto":60.5,"fecha":"2026-01-01T09:40:00.0000000Z","tipo":"Gasto","descripcion":"Mov 580","origenEmisora":"Banco Perf"}

POST /api/Movimientos -> 201
RespBody: {"idMovimiento":581,"idHogar":1,"idUsuario":1,"idCategoria":2,"monto":67.5,"fecha":"2026-01-01T09:41:00.0000000Z","tipo":"Ingreso","descripcion":"Mov 581","origenEmisora":"Banco Perf"}

POST /api/Movimientos -> 201
RespBody: {"idMovimiento":582,"idHogar":1,"idUsuario":1,"idCategoria":1,"monto":74.5,"fecha":"2026-01-01T09:42:00.0000000Z","tipo":"Gasto","descripcion":"Mov 582","origenEmisora":"Banco Perf"}

POST /api/Movimientos -> 201
RespBody: {"idMovimiento":583,"idHogar":1,"idUsuario":1,"idCategoria":2,"monto":81.5,"fecha":"2026-01-01T09:43:00.0000000Z","tipo":"Ingreso","descripcion":"Mov 583","origenEmisora":"Banco Perf"}

POST /api/Movimientos -> 201
RespBody: {"idMovimiento":584,"idHogar":1,"idUsuario":1,"idCategoria":1,"monto":88.5,"fecha":"2026-01-01T09:44:00.0000000Z","tipo":"Gasto","descripcion":"Mov 584","origenEmisora":"Banco Perf"}

POST /api/Movimientos -> 201
RespBody: {"idMovimiento":585,"idHogar":1,"idUsuario":1,"idCategoria":2,"monto":95.5,"fecha":"2026-01-01T09:45:00.0000000Z","tipo":"Ingreso","descripcion":"Mov 585","origenEmisora":"Banco Perf"}

POST /api/Movimientos -> 201
RespBody: {"idMovimiento":586,"idHogar":1,"idUsuario":1,"idCategoria":1,"monto":102.5,"fecha":"2026-01-01T09:46:00.0000000Z","tipo":"Gasto","descripcion":"Mov 586","origenEmisora":"Banco Perf"}

POST /api/Movimientos -> 201
RespBody: {"idMovimiento":587,"idHogar":1,"idUsuario":1,"idCategoria":2,"monto":109.5,"fecha":"2026-01-01T09:47:00.0000000Z","tipo":"Ingreso","descripcion":"Mov 587","origenEmisora":"Banco Perf"}

POST /api/Movimientos -> 201
RespBody: {"idMovimiento":588,"idHogar":1,"idUsuario":1,"idCategoria":1,"monto":116.5,"fecha":"2026-01-01T09:48:00.0000000Z","tipo":"Gasto","descripcion":"Mov 588","origenEmisora":"Banco Perf"}

POST /api/Movimientos -> 201
RespBody: {"idMovimiento":589,"idHogar":1,"idUsuario":1,"idCategoria":2,"monto":123.5,"fecha":"2026-01-01T09:49:00.0000000Z","tipo":"Ingreso","descripcion":"Mov 589","origenEmisora":"Banco Perf"}

POST /api/Movimientos -> 201
RespBody: {"idMovimiento":590,"idHogar":1,"idUsuario":1,"idCategoria":1,"monto":130.5,"fecha":"2026-01-01T09:50:00.0000000Z","tipo":"Gasto","descripcion":"Mov 590","origenEmisora":"Banco Perf"}

POST /api/Movimientos -> 201
RespBody: {"idMovimiento":591,"idHogar":1,"idUsuario":1,"idCategoria":2,"monto":137.5,"fecha":"2026-01-01T09:51:00.0000000Z","tipo":"Ingreso","descripcion":"Mov 591","origenEmisora":"Banco Perf"}

POST /api/Movimientos -> 201
RespBody: {"idMovimiento":592,"idHogar":1,"idUsuario":1,"idCategoria":1,"monto":144.5,"fecha":"2026-01-01T09:52:00.0000000Z","tipo":"Gasto","descripcion":"Mov 592","origenEmisora":"Banco Perf"}

POST /api/Movimientos -> 201
RespBody: {"idMovimiento":593,"idHogar":1,"idUsuario":1,"idCategoria":2,"monto":151.5,"fecha":"2026-01-01T09:53:00.0000000Z","tipo":"Ingreso","descripcion":"Mov 593","origenEmisora":"Banco Perf"}

POST /api/Movimientos -> 201
RespBody: {"idMovimiento":594,"idHogar":1,"idUsuario":1,"idCategoria":1,"monto":158.5,"fecha":"2026-01-01T09:54:00.0000000Z","tipo":"Gasto","descripcion":"Mov 594","origenEmisora":"Banco Perf"}

POST /api/Movimientos -> 201
RespBody: {"idMovimiento":595,"idHogar":1,"idUsuario":1,"idCategoria":2,"monto":165.5,"fecha":"2026-01-01T09:55:00.0000000Z","tipo":"Ingreso","descripcion":"Mov 595","origenEmisora":"Banco Perf"}

POST /api/Movimientos -> 201
RespBody: {"idMovimiento":596,"idHogar":1,"idUsuario":1,"idCategoria":1,"monto":172.5,"fecha":"2026-01-01T09:56:00.0000000Z","tipo":"Gasto","descripcion":"Mov 596","origenEmisora":"Banco Perf"}

POST /api/Movimientos -> 201
RespBody: {"idMovimiento":597,"idHogar":1,"idUsuario":1,"idCategoria":2,"monto":179.5,"fecha":"2026-01-01T09:57:00.0000000Z","tipo":"Ingreso","descripcion":"Mov 597","origenEmisora":"Banco Perf"}

POST /api/Movimientos -> 201
RespBody: {"idMovimiento":598,"idHogar":1,"idUsuario":1,"idCategoria":1,"monto":186.5,"fecha":"2026-01-01T09:58:00.0000000Z","tipo":"Gasto","descripcion":"Mov 598","origenEmisora":"Banco Perf"}

POST /api/Movimientos -> 201
RespBody: {"idMovimiento":599,"idHogar":1,"idUsuario":1,"idCategoria":2,"monto":193.5,"fecha":"2026-01-01T09:59:00.0000000Z","tipo":"Ingreso","descripcion":"Mov 599","origenEmisora":"Banco Perf"}

POST /api/Movimientos -> 201
RespBody: {"idMovimiento":600,"idHogar":1,"idUsuario":1,"idCategoria":1,"monto":200.5,"fecha":"2026-01-01T10:00:00.0000000Z","tipo":"Gasto","descripcion":"Mov 600","origenEmisora":"Banco Perf"}

POST /api/Movimientos -> 201
RespBody: {"idMovimiento":601,"idHogar":1,"idUsuario":1,"idCategoria":2,"monto":207.5,"fecha":"2026-01-01T10:01:00.0000000Z","tipo":"Ingreso","descripcion":"Mov 601","origenEmisora":"Banco Perf"}

POST /api/Movimientos -> 201
RespBody: {"idMovimiento":602,"idHogar":1,"idUsuario":1,"idCategoria":1,"monto":214.5,"fecha":"2026-01-01T10:02:00.0000000Z","tipo":"Gasto","descripcion":"Mov 602","origenEmisora":"Banco Perf"}

POST /api/Movimientos -> 201
RespBody: {"idMovimiento":603,"idHogar":1,"idUsuario":1,"idCategoria":2,"monto":221.5,"fecha":"2026-01-01T10:03:00.0000000Z","tipo":"Ingreso","descripcion":"Mov 603","origenEmisora":"Banco Perf"}

POST /api/Movimientos -> 201
RespBody: {"idMovimiento":604,"idHogar":1,"idUsuario":1,"idCategoria":1,"monto":228.5,"fecha":"2026-01-01T10:04:00.0000000Z","tipo":"Gasto","descripcion":"Mov 604","origenEmisora":"Banco Perf"}

POST /api/Movimientos -> 201
RespBody: {"idMovimiento":605,"idHogar":1,"idUsuario":1,"idCategoria":2,"monto":235.5,"fecha":"2026-01-01T10:05:00.0000000Z","tipo":"Ingreso","descripcion":"Mov 605","origenEmisora":"Banco Perf"}

POST /api/Movimientos -> 201
RespBody: {"idMovimiento":606,"idHogar":1,"idUsuario":1,"idCategoria":1,"monto":242.5,"fecha":"2026-01-01T10:06:00.0000000Z","tipo":"Gasto","descripcion":"Mov 606","origenEmisora":"Banco Perf"}

POST /api/Movimientos -> 201
RespBody: {"idMovimiento":607,"idHogar":1,"idUsuario":1,"idCategoria":2,"monto":249.5,"fecha":"2026-01-01T10:07:00.0000000Z","tipo":"Ingreso","descripcion":"Mov 607","origenEmisora":"Banco Perf"}

POST /api/Movimientos -> 201
RespBody: {"idMovimiento":608,"idHogar":1,"idUsuario":1,"idCategoria":1,"monto":256.5,"fecha":"2026-01-01T10:08:00.0000000Z","tipo":"Gasto","descripcion":"Mov 608","origenEmisora":"Banco Perf"}

POST /api/Movimientos -> 201
RespBody: {"idMovimiento":609,"idHogar":1,"idUsuario":1,"idCategoria":2,"monto":263.5,"fecha":"2026-01-01T10:09:00.0000000Z","tipo":"Ingreso","descripcion":"Mov 609","origenEmisora":"Banco Perf"}

POST /api/Movimientos -> 201
RespBody: {"idMovimiento":610,"idHogar":1,"idUsuario":1,"idCategoria":1,"monto":270.5,"fecha":"2026-01-01T10:10:00.0000000Z","tipo":"Gasto","descripcion":"Mov 610","origenEmisora":"Banco Perf"}

POST /api/Movimientos -> 201
RespBody: {"idMovimiento":611,"idHogar":1,"idUsuario":1,"idCategoria":2,"monto":277.5,"fecha":"2026-01-01T10:11:00.0000000Z","tipo":"Ingreso","descripcion":"Mov 611","origenEmisora":"Banco Perf"}

POST /api/Movimientos -> 201
RespBody: {"idMovimiento":612,"idHogar":1,"idUsuario":1,"idCategoria":1,"monto":284.5,"fecha":"2026-01-01T10:12:00.0000000Z","tipo":"Gasto","descripcion":"Mov 612","origenEmisora":"Banco Perf"}

POST /api/Movimientos -> 201
RespBody: {"idMovimiento":613,"idHogar":1,"idUsuario":1,"idCategoria":2,"monto":291.5,"fecha":"2026-01-01T10:13:00.0000000Z","tipo":"Ingreso","descripcion":"Mov 613","origenEmisora":"Banco Perf"}

POST /api/Movimientos -> 201
RespBody: {"idMovimiento":614,"idHogar":1,"idUsuario":1,"idCategoria":1,"monto":298.5,"fecha":"2026-01-01T10:14:00.0000000Z","tipo":"Gasto","descripcion":"Mov 614","origenEmisora":"Banco Perf"}

POST /api/Movimientos -> 201
RespBody: {"idMovimiento":615,"idHogar":1,"idUsuario":1,"idCategoria":2,"monto":305.5,"fecha":"2026-01-01T10:15:00.0000000Z","tipo":"Ingreso","descripcion":"Mov 615","origenEmisora":"Banco Perf"}

POST /api/Movimientos -> 201
RespBody: {"idMovimiento":616,"idHogar":1,"idUsuario":1,"idCategoria":1,"monto":312.5,"fecha":"2026-01-01T10:16:00.0000000Z","tipo":"Gasto","descripcion":"Mov 616","origenEmisora":"Banco Perf"}

POST /api/Movimientos -> 201
RespBody: {"idMovimiento":617,"idHogar":1,"idUsuario":1,"idCategoria":2,"monto":319.5,"fecha":"2026-01-01T10:17:00.0000000Z","tipo":"Ingreso","descripcion":"Mov 617","origenEmisora":"Banco Perf"}

POST /api/Movimientos -> 201
RespBody: {"idMovimiento":618,"idHogar":1,"idUsuario":1,"idCategoria":1,"monto":326.5,"fecha":"2026-01-01T10:18:00.0000000Z","tipo":"Gasto","descripcion":"Mov 618","origenEmisora":"Banco Perf"}

POST /api/Movimientos -> 201
RespBody: {"idMovimiento":619,"idHogar":1,"idUsuario":1,"idCategoria":2,"monto":333.5,"fecha":"2026-01-01T10:19:00.0000000Z","tipo":"Ingreso","descripcion":"Mov 619","origenEmisora":"Banco Perf"}

POST /api/Movimientos -> 201
RespBody: {"idMovimiento":620,"idHogar":1,"idUsuario":1,"idCategoria":1,"monto":340.5,"fecha":"2026-01-01T10:20:00.0000000Z","tipo":"Gasto","descripcion":"Mov 620","origenEmisora":"Banco Perf"}

POST /api/Movimientos -> 201
RespBody: {"idMovimiento":621,"idHogar":1,"idUsuario":1,"idCategoria":2,"monto":347.5,"fecha":"2026-01-01T10:21:00.0000000Z","tipo":"Ingreso","descripcion":"Mov 621","origenEmisora":"Banco Perf"}

POST /api/Movimientos -> 201
RespBody: {"idMovimiento":622,"idHogar":1,"idUsuario":1,"idCategoria":1,"monto":354.5,"fecha":"2026-01-01T10:22:00.0000000Z","tipo":"Gasto","descripcion":"Mov 622","origenEmisora":"Banco Perf"}

POST /api/Movimientos -> 201
RespBody: {"idMovimiento":623,"idHogar":1,"idUsuario":1,"idCategoria":2,"monto":361.5,"fecha":"2026-01-01T10:23:00.0000000Z","tipo":"Ingreso","descripcion":"Mov 623","origenEmisora":"Banco Perf"}

POST /api/Movimientos -> 201
RespBody: {"idMovimiento":624,"idHogar":1,"idUsuario":1,"idCategoria":1,"monto":368.5,"fecha":"2026-01-01T10:24:00.0000000Z","tipo":"Gasto","descripcion":"Mov 624","origenEmisora":"Banco Perf"}

POST /api/Movimientos -> 201
RespBody: {"idMovimiento":625,"idHogar":1,"idUsuario":1,"idCategoria":2,"monto":375.5,"fecha":"2026-01-01T10:25:00.0000000Z","tipo":"Ingreso","descripcion":"Mov 625","origenEmisora":"Banco Perf"}

POST /api/Movimientos -> 201
RespBody: {"idMovimiento":626,"idHogar":1,"idUsuario":1,"idCategoria":1,"monto":382.5,"fecha":"2026-01-01T10:26:00.0000000Z","tipo":"Gasto","descripcion":"Mov 626","origenEmisora":"Banco Perf"}

POST /api/Movimientos -> 201
RespBody: {"idMovimiento":627,"idHogar":1,"idUsuario":1,"idCategoria":2,"monto":389.5,"fecha":"2026-01-01T10:27:00.0000000Z","tipo":"Ingreso","descripcion":"Mov 627","origenEmisora":"Banco Perf"}

POST /api/Movimientos -> 201
RespBody: {"idMovimiento":628,"idHogar":1,"idUsuario":1,"idCategoria":1,"monto":396.5,"fecha":"2026-01-01T10:28:00.0000000Z","tipo":"Gasto","descripcion":"Mov 628","origenEmisora":"Banco Perf"}

POST /api/Movimientos -> 201
RespBody: {"idMovimiento":629,"idHogar":1,"idUsuario":1,"idCategoria":2,"monto":403.5,"fecha":"2026-01-01T10:29:00.0000000Z","tipo":"Ingreso","descripcion":"Mov 629","origenEmisora":"Banco Perf"}

POST /api/Movimientos -> 201
RespBody: {"idMovimiento":630,"idHogar":1,"idUsuario":1,"idCategoria":1,"monto":410.5,"fecha":"2026-01-01T10:30:00.0000000Z","tipo":"Gasto","descripcion":"Mov 630","origenEmisora":"Banco Perf"}

POST /api/Movimientos -> 201
RespBody: {"idMovimiento":631,"idHogar":1,"idUsuario":1,"idCategoria":2,"monto":417.5,"fecha":"2026-01-01T10:31:00.0000000Z","tipo":"Ingreso","descripcion":"Mov 631","origenEmisora":"Banco Perf"}

POST /api/Movimientos -> 201
RespBody: {"idMovimiento":632,"idHogar":1,"idUsuario":1,"idCategoria":1,"monto":424.5,"fecha":"2026-01-01T10:32:00.0000000Z","tipo":"Gasto","descripcion":"Mov 632","origenEmisora":"Banco Perf"}

POST /api/Movimientos -> 201
RespBody: {"idMovimiento":633,"idHogar":1,"idUsuario":1,"idCategoria":2,"monto":431.5,"fecha":"2026-01-01T10:33:00.0000000Z","tipo":"Ingreso","descripcion":"Mov 633","origenEmisora":"Banco Perf"}

POST /api/Movimientos -> 201
RespBody: {"idMovimiento":634,"idHogar":1,"idUsuario":1,"idCategoria":1,"monto":438.5,"fecha":"2026-01-01T10:34:00.0000000Z","tipo":"Gasto","descripcion":"Mov 634","origenEmisora":"Banco Perf"}

POST /api/Movimientos -> 201
RespBody: {"idMovimiento":635,"idHogar":1,"idUsuario":1,"idCategoria":2,"monto":445.5,"fecha":"2026-01-01T10:35:00.0000000Z","tipo":"Ingreso","descripcion":"Mov 635","origenEmisora":"Banco Perf"}

POST /api/Movimientos -> 201
RespBody: {"idMovimiento":636,"idHogar":1,"idUsuario":1,"idCategoria":1,"monto":452.5,"fecha":"2026-01-01T10:36:00.0000000Z","tipo":"Gasto","descripcion":"Mov 636","origenEmisora":"Banco Perf"}

POST /api/Movimientos -> 201
RespBody: {"idMovimiento":637,"idHogar":1,"idUsuario":1,"idCategoria":2,"monto":459.5,"fecha":"2026-01-01T10:37:00.0000000Z","tipo":"Ingreso","descripcion":"Mov 637","origenEmisora":"Banco Perf"}

POST /api/Movimientos -> 201
RespBody: {"idMovimiento":638,"idHogar":1,"idUsuario":1,"idCategoria":1,"monto":466.5,"fecha":"2026-01-01T10:38:00.0000000Z","tipo":"Gasto","descripcion":"Mov 638","origenEmisora":"Banco Perf"}

POST /api/Movimientos -> 201
RespBody: {"idMovimiento":639,"idHogar":1,"idUsuario":1,"idCategoria":2,"monto":473.5,"fecha":"2026-01-01T10:39:00.0000000Z","tipo":"Ingreso","descripcion":"Mov 639","origenEmisora":"Banco Perf"}

POST /api/Movimientos -> 201
RespBody: {"idMovimiento":640,"idHogar":1,"idUsuario":1,"idCategoria":1,"monto":480.5,"fecha":"2026-01-01T10:40:00.0000000Z","tipo":"Gasto","descripcion":"Mov 640","origenEmisora":"Banco Perf"}

POST /api/Movimientos -> 201
RespBody: {"idMovimiento":641,"idHogar":1,"idUsuario":1,"idCategoria":2,"monto":487.5,"fecha":"2026-01-01T10:41:00.0000000Z","tipo":"Ingreso","descripcion":"Mov 641","origenEmisora":"Banco Perf"}

POST /api/Movimientos -> 201
RespBody: {"idMovimiento":642,"idHogar":1,"idUsuario":1,"idCategoria":1,"monto":494.5,"fecha":"2026-01-01T10:42:00.0000000Z","tipo":"Gasto","descripcion":"Mov 642","origenEmisora":"Banco Perf"}

POST /api/Movimientos -> 201
RespBody: {"idMovimiento":643,"idHogar":1,"idUsuario":1,"idCategoria":2,"monto":501.5,"fecha":"2026-01-01T10:43:00.0000000Z","tipo":"Ingreso","descripcion":"Mov 643","origenEmisora":"Banco Perf"}

POST /api/Movimientos -> 201
RespBody: {"idMovimiento":644,"idHogar":1,"idUsuario":1,"idCategoria":1,"monto":508.5,"fecha":"2026-01-01T10:44:00.0000000Z","tipo":"Gasto","descripcion":"Mov 644","origenEmisora":"Banco Perf"}

POST /api/Movimientos -> 201
RespBody: {"idMovimiento":645,"idHogar":1,"idUsuario":1,"idCategoria":2,"monto":515.5,"fecha":"2026-01-01T10:45:00.0000000Z","tipo":"Ingreso","descripcion":"Mov 645","origenEmisora":"Banco Perf"}

POST /api/Movimientos -> 201
RespBody: {"idMovimiento":646,"idHogar":1,"idUsuario":1,"idCategoria":1,"monto":522.5,"fecha":"2026-01-01T10:46:00.0000000Z","tipo":"Gasto","descripcion":"Mov 646","origenEmisora":"Banco Perf"}

POST /api/Movimientos -> 201
RespBody: {"idMovimiento":647,"idHogar":1,"idUsuario":1,"idCategoria":2,"monto":529.5,"fecha":"2026-01-01T10:47:00.0000000Z","tipo":"Ingreso","descripcion":"Mov 647","origenEmisora":"Banco Perf"}

POST /api/Movimientos -> 201
RespBody: {"idMovimiento":648,"idHogar":1,"idUsuario":1,"idCategoria":1,"monto":536.5,"fecha":"2026-01-01T10:48:00.0000000Z","tipo":"Gasto","descripcion":"Mov 648","origenEmisora":"Banco Perf"}

POST /api/Movimientos -> 201
RespBody: {"idMovimiento":649,"idHogar":1,"idUsuario":1,"idCategoria":2,"monto":543.5,"fecha":"2026-01-01T10:49:00.0000000Z","tipo":"Ingreso","descripcion":"Mov 649","origenEmisora":"Banco Perf"}

POST /api/Movimientos -> 201
RespBody: {"idMovimiento":650,"idHogar":1,"idUsuario":1,"idCategoria":1,"monto":550.5,"fecha":"2026-01-01T10:50:00.0000000Z","tipo":"Gasto","descripcion":"Mov 650","origenEmisora":"Banco Perf"}

POST /api/Movimientos -> 201
RespBody: {"idMovimiento":651,"idHogar":1,"idUsuario":1,"idCategoria":2,"monto":557.5,"fecha":"2026-01-01T10:51:00.0000000Z","tipo":"Ingreso","descripcion":"Mov 651","origenEmisora":"Banco Perf"}

POST /api/Movimientos -> 201
RespBody: {"idMovimiento":652,"idHogar":1,"idUsuario":1,"idCategoria":1,"monto":564.5,"fecha":"2026-01-01T10:52:00.0000000Z","tipo":"Gasto","descripcion":"Mov 652","origenEmisora":"Banco Perf"}

POST /api/Movimientos -> 201
RespBody: {"idMovimiento":653,"idHogar":1,"idUsuario":1,"idCategoria":2,"monto":571.5,"fecha":"2026-01-01T10:53:00.0000000Z","tipo":"Ingreso","descripcion":"Mov 653","origenEmisora":"Banco Perf"}

POST /api/Movimientos -> 201
RespBody: {"idMovimiento":654,"idHogar":1,"idUsuario":1,"idCategoria":1,"monto":578.5,"fecha":"2026-01-01T10:54:00.0000000Z","tipo":"Gasto","descripcion":"Mov 654","origenEmisora":"Banco Perf"}

POST /api/Movimientos -> 201
RespBody: {"idMovimiento":655,"idHogar":1,"idUsuario":1,"idCategoria":2,"monto":585.5,"fecha":"2026-01-01T10:55:00.0000000Z","tipo":"Ingreso","descripcion":"Mov 655","origenEmisora":"Banco Perf"}

POST /api/Movimientos -> 201
RespBody: {"idMovimiento":656,"idHogar":1,"idUsuario":1,"idCategoria":1,"monto":592.5,"fecha":"2026-01-01T10:56:00.0000000Z","tipo":"Gasto","descripcion":"Mov 656","origenEmisora":"Banco Perf"}

POST /api/Movimientos -> 201
RespBody: {"idMovimiento":657,"idHogar":1,"idUsuario":1,"idCategoria":2,"monto":599.5,"fecha":"2026-01-01T10:57:00.0000000Z","tipo":"Ingreso","descripcion":"Mov 657","origenEmisora":"Banco Perf"}

POST /api/Movimientos -> 201
RespBody: {"idMovimiento":658,"idHogar":1,"idUsuario":1,"idCategoria":1,"monto":606.5,"fecha":"2026-01-01T10:58:00.0000000Z","tipo":"Gasto","descripcion":"Mov 658","origenEmisora":"Banco Perf"}

POST /api/Movimientos -> 201
RespBody: {"idMovimiento":659,"idHogar":1,"idUsuario":1,"idCategoria":2,"monto":613.5,"fecha":"2026-01-01T10:59:00.0000000Z","tipo":"Ingreso","descripcion":"Mov 659","origenEmisora":"Banco Perf"}

POST /api/Movimientos -> 201
RespBody: {"idMovimiento":660,"idHogar":1,"idUsuario":1,"idCategoria":1,"monto":620.5,"fecha":"2026-01-01T11:00:00.0000000Z","tipo":"Gasto","descripcion":"Mov 660","origenEmisora":"Banco Perf"}

POST /api/Movimientos -> 201
RespBody: {"idMovimiento":661,"idHogar":1,"idUsuario":1,"idCategoria":2,"monto":627.5,"fecha":"2026-01-01T11:01:00.0000000Z","tipo":"Ingreso","descripcion":"Mov 661","origenEmisora":"Banco Perf"}

POST /api/Movimientos -> 201
RespBody: {"idMovimiento":662,"idHogar":1,"idUsuario":1,"idCategoria":1,"monto":634.5,"fecha":"2026-01-01T11:02:00.0000000Z","tipo":"Gasto","descripcion":"Mov 662","origenEmisora":"Banco Perf"}

POST /api/Movimientos -> 201
RespBody: {"idMovimiento":663,"idHogar":1,"idUsuario":1,"idCategoria":2,"monto":641.5,"fecha":"2026-01-01T11:03:00.0000000Z","tipo":"Ingreso","descripcion":"Mov 663","origenEmisora":"Banco Perf"}

POST /api/Movimientos -> 201
RespBody: {"idMovimiento":664,"idHogar":1,"idUsuario":1,"idCategoria":1,"monto":648.5,"fecha":"2026-01-01T11:04:00.0000000Z","tipo":"Gasto","descripcion":"Mov 664","origenEmisora":"Banco Perf"}

POST /api/Movimientos -> 201
RespBody: {"idMovimiento":665,"idHogar":1,"idUsuario":1,"idCategoria":2,"monto":655.5,"fecha":"2026-01-01T11:05:00.0000000Z","tipo":"Ingreso","descripcion":"Mov 665","origenEmisora":"Banco Perf"}

POST /api/Movimientos -> 201
RespBody: {"idMovimiento":666,"idHogar":1,"idUsuario":1,"idCategoria":1,"monto":662.5,"fecha":"2026-01-01T11:06:00.0000000Z","tipo":"Gasto","descripcion":"Mov 666","origenEmisora":"Banco Perf"}

POST /api/Movimientos -> 201
RespBody: {"idMovimiento":667,"idHogar":1,"idUsuario":1,"idCategoria":2,"monto":669.5,"fecha":"2026-01-01T11:07:00.0000000Z","tipo":"Ingreso","descripcion":"Mov 667","origenEmisora":"Banco Perf"}

POST /api/Movimientos -> 201
RespBody: {"idMovimiento":668,"idHogar":1,"idUsuario":1,"idCategoria":1,"monto":676.5,"fecha":"2026-01-01T11:08:00.0000000Z","tipo":"Gasto","descripcion":"Mov 668","origenEmisora":"Banco Perf"}

POST /api/Movimientos -> 201
RespBody: {"idMovimiento":669,"idHogar":1,"idUsuario":1,"idCategoria":2,"monto":683.5,"fecha":"2026-01-01T11:09:00.0000000Z","tipo":"Ingreso","descripcion":"Mov 669","origenEmisora":"Banco Perf"}

POST /api/Movimientos -> 201
RespBody: {"idMovimiento":670,"idHogar":1,"idUsuario":1,"idCategoria":1,"monto":690.5,"fecha":"2026-01-01T11:10:00.0000000Z","tipo":"Gasto","descripcion":"Mov 670","origenEmisora":"Banco Perf"}

POST /api/Movimientos -> 201
RespBody: {"idMovimiento":671,"idHogar":1,"idUsuario":1,"idCategoria":2,"monto":697.5,"fecha":"2026-01-01T11:11:00.0000000Z","tipo":"Ingreso","descripcion":"Mov 671","origenEmisora":"Banco Perf"}

POST /api/Movimientos -> 201
RespBody: {"idMovimiento":672,"idHogar":1,"idUsuario":1,"idCategoria":1,"monto":704.5,"fecha":"2026-01-01T11:12:00.0000000Z","tipo":"Gasto","descripcion":"Mov 672","origenEmisora":"Banco Perf"}

POST /api/Movimientos -> 201
RespBody: {"idMovimiento":673,"idHogar":1,"idUsuario":1,"idCategoria":2,"monto":711.5,"fecha":"2026-01-01T11:13:00.0000000Z","tipo":"Ingreso","descripcion":"Mov 673","origenEmisora":"Banco Perf"}

POST /api/Movimientos -> 201
RespBody: {"idMovimiento":674,"idHogar":1,"idUsuario":1,"idCategoria":1,"monto":718.5,"fecha":"2026-01-01T11:14:00.0000000Z","tipo":"Gasto","descripcion":"Mov 674","origenEmisora":"Banco Perf"}

POST /api/Movimientos -> 201
RespBody: {"idMovimiento":675,"idHogar":1,"idUsuario":1,"idCategoria":2,"monto":725.5,"fecha":"2026-01-01T11:15:00.0000000Z","tipo":"Ingreso","descripcion":"Mov 675","origenEmisora":"Banco Perf"}

POST /api/Movimientos -> 201
RespBody: {"idMovimiento":676,"idHogar":1,"idUsuario":1,"idCategoria":1,"monto":732.5,"fecha":"2026-01-01T11:16:00.0000000Z","tipo":"Gasto","descripcion":"Mov 676","origenEmisora":"Banco Perf"}

POST /api/Movimientos -> 201
RespBody: {"idMovimiento":677,"idHogar":1,"idUsuario":1,"idCategoria":2,"monto":739.5,"fecha":"2026-01-01T11:17:00.0000000Z","tipo":"Ingreso","descripcion":"Mov 677","origenEmisora":"Banco Perf"}

POST /api/Movimientos -> 201
RespBody: {"idMovimiento":678,"idHogar":1,"idUsuario":1,"idCategoria":1,"monto":746.5,"fecha":"2026-01-01T11:18:00.0000000Z","tipo":"Gasto","descripcion":"Mov 678","origenEmisora":"Banco Perf"}

POST /api/Movimientos -> 201
RespBody: {"idMovimiento":679,"idHogar":1,"idUsuario":1,"idCategoria":2,"monto":753.5,"fecha":"2026-01-01T11:19:00.0000000Z","tipo":"Ingreso","descripcion":"Mov 679","origenEmisora":"Banco Perf"}

POST /api/Movimientos -> 201
RespBody: {"idMovimiento":680,"idHogar":1,"idUsuario":1,"idCategoria":1,"monto":760.5,"fecha":"2026-01-01T11:20:00.0000000Z","tipo":"Gasto","descripcion":"Mov 680","origenEmisora":"Banco Perf"}

POST /api/Movimientos -> 201
RespBody: {"idMovimiento":681,"idHogar":1,"idUsuario":1,"idCategoria":2,"monto":767.5,"fecha":"2026-01-01T11:21:00.0000000Z","tipo":"Ingreso","descripcion":"Mov 681","origenEmisora":"Banco Perf"}

POST /api/Movimientos -> 201
RespBody: {"idMovimiento":682,"idHogar":1,"idUsuario":1,"idCategoria":1,"monto":774.5,"fecha":"2026-01-01T11:22:00.0000000Z","tipo":"Gasto","descripcion":"Mov 682","origenEmisora":"Banco Perf"}

POST /api/Movimientos -> 201
RespBody: {"idMovimiento":683,"idHogar":1,"idUsuario":1,"idCategoria":2,"monto":781.5,"fecha":"2026-01-01T11:23:00.0000000Z","tipo":"Ingreso","descripcion":"Mov 683","origenEmisora":"Banco Perf"}

POST /api/Movimientos -> 201
RespBody: {"idMovimiento":684,"idHogar":1,"idUsuario":1,"idCategoria":1,"monto":788.5,"fecha":"2026-01-01T11:24:00.0000000Z","tipo":"Gasto","descripcion":"Mov 684","origenEmisora":"Banco Perf"}

POST /api/Movimientos -> 201
RespBody: {"idMovimiento":685,"idHogar":1,"idUsuario":1,"idCategoria":2,"monto":795.5,"fecha":"2026-01-01T11:25:00.0000000Z","tipo":"Ingreso","descripcion":"Mov 685","origenEmisora":"Banco Perf"}

POST /api/Movimientos -> 201
RespBody: {"idMovimiento":686,"idHogar":1,"idUsuario":1,"idCategoria":1,"monto":802.5,"fecha":"2026-01-01T11:26:00.0000000Z","tipo":"Gasto","descripcion":"Mov 686","origenEmisora":"Banco Perf"}

POST /api/Movimientos -> 201
RespBody: {"idMovimiento":687,"idHogar":1,"idUsuario":1,"idCategoria":2,"monto":809.5,"fecha":"2026-01-01T11:27:00.0000000Z","tipo":"Ingreso","descripcion":"Mov 687","origenEmisora":"Banco Perf"}

POST /api/Movimientos -> 201
RespBody: {"idMovimiento":688,"idHogar":1,"idUsuario":1,"idCategoria":1,"monto":816.5,"fecha":"2026-01-01T11:28:00.0000000Z","tipo":"Gasto","descripcion":"Mov 688","origenEmisora":"Banco Perf"}

POST /api/Movimientos -> 201
RespBody: {"idMovimiento":689,"idHogar":1,"idUsuario":1,"idCategoria":2,"monto":823.5,"fecha":"2026-01-01T11:29:00.0000000Z","tipo":"Ingreso","descripcion":"Mov 689","origenEmisora":"Banco Perf"}

POST /api/Movimientos -> 201
RespBody: {"idMovimiento":690,"idHogar":1,"idUsuario":1,"idCategoria":1,"monto":830.5,"fecha":"2026-01-01T11:30:00.0000000Z","tipo":"Gasto","descripcion":"Mov 690","origenEmisora":"Banco Perf"}

POST /api/Movimientos -> 201
RespBody: {"idMovimiento":691,"idHogar":1,"idUsuario":1,"idCategoria":2,"monto":837.5,"fecha":"2026-01-01T11:31:00.0000000Z","tipo":"Ingreso","descripcion":"Mov 691","origenEmisora":"Banco Perf"}

POST /api/Movimientos -> 201
RespBody: {"idMovimiento":692,"idHogar":1,"idUsuario":1,"idCategoria":1,"monto":844.5,"fecha":"2026-01-01T11:32:00.0000000Z","tipo":"Gasto","descripcion":"Mov 692","origenEmisora":"Banco Perf"}

POST /api/Movimientos -> 201
RespBody: {"idMovimiento":693,"idHogar":1,"idUsuario":1,"idCategoria":2,"monto":851.5,"fecha":"2026-01-01T11:33:00.0000000Z","tipo":"Ingreso","descripcion":"Mov 693","origenEmisora":"Banco Perf"}

POST /api/Movimientos -> 201
RespBody: {"idMovimiento":694,"idHogar":1,"idUsuario":1,"idCategoria":1,"monto":858.5,"fecha":"2026-01-01T11:34:00.0000000Z","tipo":"Gasto","descripcion":"Mov 694","origenEmisora":"Banco Perf"}

POST /api/Movimientos -> 201
RespBody: {"idMovimiento":695,"idHogar":1,"idUsuario":1,"idCategoria":2,"monto":865.5,"fecha":"2026-01-01T11:35:00.0000000Z","tipo":"Ingreso","descripcion":"Mov 695","origenEmisora":"Banco Perf"}

POST /api/Movimientos -> 201
RespBody: {"idMovimiento":696,"idHogar":1,"idUsuario":1,"idCategoria":1,"monto":872.5,"fecha":"2026-01-01T11:36:00.0000000Z","tipo":"Gasto","descripcion":"Mov 696","origenEmisora":"Banco Perf"}

POST /api/Movimientos -> 201
RespBody: {"idMovimiento":697,"idHogar":1,"idUsuario":1,"idCategoria":2,"monto":879.5,"fecha":"2026-01-01T11:37:00.0000000Z","tipo":"Ingreso","descripcion":"Mov 697","origenEmisora":"Banco Perf"}

POST /api/Movimientos -> 201
RespBody: {"idMovimiento":698,"idHogar":1,"idUsuario":1,"idCategoria":1,"monto":886.5,"fecha":"2026-01-01T11:38:00.0000000Z","tipo":"Gasto","descripcion":"Mov 698","origenEmisora":"Banco Perf"}

POST /api/Movimientos -> 201
RespBody: {"idMovimiento":699,"idHogar":1,"idUsuario":1,"idCategoria":2,"monto":893.5,"fecha":"2026-01-01T11:39:00.0000000Z","tipo":"Ingreso","descripcion":"Mov 699","origenEmisora":"Banco Perf"}

POST /api/Movimientos -> 201
RespBody: {"idMovimiento":700,"idHogar":1,"idUsuario":1,"idCategoria":1,"monto":900.5,"fecha":"2026-01-01T11:40:00.0000000Z","tipo":"Gasto","descripcion":"Mov 700","origenEmisora":"Banco Perf"}

POST /api/Movimientos -> 201
RespBody: {"idMovimiento":701,"idHogar":1,"idUsuario":1,"idCategoria":2,"monto":907.5,"fecha":"2026-01-01T11:41:00.0000000Z","tipo":"Ingreso","descripcion":"Mov 701","origenEmisora":"Banco Perf"}

POST /api/Movimientos -> 201
RespBody: {"idMovimiento":702,"idHogar":1,"idUsuario":1,"idCategoria":1,"monto":914.5,"fecha":"2026-01-01T11:42:00.0000000Z","tipo":"Gasto","descripcion":"Mov 702","origenEmisora":"Banco Perf"}

POST /api/Movimientos -> 201
RespBody: {"idMovimiento":703,"idHogar":1,"idUsuario":1,"idCategoria":2,"monto":921.5,"fecha":"2026-01-01T11:43:00.0000000Z","tipo":"Ingreso","descripcion":"Mov 703","origenEmisora":"Banco Perf"}

POST /api/Movimientos -> 201
RespBody: {"idMovimiento":704,"idHogar":1,"idUsuario":1,"idCategoria":1,"monto":928.5,"fecha":"2026-01-01T11:44:00.0000000Z","tipo":"Gasto","descripcion":"Mov 704","origenEmisora":"Banco Perf"}

POST /api/Movimientos -> 201
RespBody: {"idMovimiento":705,"idHogar":1,"idUsuario":1,"idCategoria":2,"monto":935.5,"fecha":"2026-01-01T11:45:00.0000000Z","tipo":"Ingreso","descripcion":"Mov 705","origenEmisora":"Banco Perf"}

POST /api/Movimientos -> 201
RespBody: {"idMovimiento":706,"idHogar":1,"idUsuario":1,"idCategoria":1,"monto":942.5,"fecha":"2026-01-01T11:46:00.0000000Z","tipo":"Gasto","descripcion":"Mov 706","origenEmisora":"Banco Perf"}

POST /api/Movimientos -> 201
RespBody: {"idMovimiento":707,"idHogar":1,"idUsuario":1,"idCategoria":2,"monto":949.5,"fecha":"2026-01-01T11:47:00.0000000Z","tipo":"Ingreso","descripcion":"Mov 707","origenEmisora":"Banco Perf"}

POST /api/Movimientos -> 201
RespBody: {"idMovimiento":708,"idHogar":1,"idUsuario":1,"idCategoria":1,"monto":956.5,"fecha":"2026-01-01T11:48:00.0000000Z","tipo":"Gasto","descripcion":"Mov 708","origenEmisora":"Banco Perf"}

POST /api/Movimientos -> 201
RespBody: {"idMovimiento":709,"idHogar":1,"idUsuario":1,"idCategoria":2,"monto":963.5,"fecha":"2026-01-01T11:49:00.0000000Z","tipo":"Ingreso","descripcion":"Mov 709","origenEmisora":"Banco Perf"}

POST /api/Movimientos -> 201
RespBody: {"idMovimiento":710,"idHogar":1,"idUsuario":1,"idCategoria":1,"monto":970.5,"fecha":"2026-01-01T11:50:00.0000000Z","tipo":"Gasto","descripcion":"Mov 710","origenEmisora":"Banco Perf"}

POST /api/Movimientos -> 201
RespBody: {"idMovimiento":711,"idHogar":1,"idUsuario":1,"idCategoria":2,"monto":977.5,"fecha":"2026-01-01T11:51:00.0000000Z","tipo":"Ingreso","descripcion":"Mov 711","origenEmisora":"Banco Perf"}

POST /api/Movimientos -> 201
RespBody: {"idMovimiento":712,"idHogar":1,"idUsuario":1,"idCategoria":1,"monto":984.5,"fecha":"2026-01-01T11:52:00.0000000Z","tipo":"Gasto","descripcion":"Mov 712","origenEmisora":"Banco Perf"}

POST /api/Movimientos -> 201
RespBody: {"idMovimiento":713,"idHogar":1,"idUsuario":1,"idCategoria":2,"monto":991.5,"fecha":"2026-01-01T11:53:00.0000000Z","tipo":"Ingreso","descripcion":"Mov 713","origenEmisora":"Banco Perf"}

POST /api/Movimientos -> 201
RespBody: {"idMovimiento":714,"idHogar":1,"idUsuario":1,"idCategoria":1,"monto":998.5,"fecha":"2026-01-01T11:54:00.0000000Z","tipo":"Gasto","descripcion":"Mov 714","origenEmisora":"Banco Perf"}

POST /api/Movimientos -> 201
RespBody: {"idMovimiento":715,"idHogar":1,"idUsuario":1,"idCategoria":2,"monto":5.5,"fecha":"2026-01-01T11:55:00.0000000Z","tipo":"Ingreso","descripcion":"Mov 715","origenEmisora":"Banco Perf"}

POST /api/Movimientos -> 201
RespBody: {"idMovimiento":716,"idHogar":1,"idUsuario":1,"idCategoria":1,"monto":12.5,"fecha":"2026-01-01T11:56:00.0000000Z","tipo":"Gasto","descripcion":"Mov 716","origenEmisora":"Banco Perf"}

POST /api/Movimientos -> 201
RespBody: {"idMovimiento":717,"idHogar":1,"idUsuario":1,"idCategoria":2,"monto":19.5,"fecha":"2026-01-01T11:57:00.0000000Z","tipo":"Ingreso","descripcion":"Mov 717","origenEmisora":"Banco Perf"}

POST /api/Movimientos -> 201
RespBody: {"idMovimiento":718,"idHogar":1,"idUsuario":1,"idCategoria":1,"monto":26.5,"fecha":"2026-01-01T11:58:00.0000000Z","tipo":"Gasto","descripcion":"Mov 718","origenEmisora":"Banco Perf"}

POST /api/Movimientos -> 201
RespBody: {"idMovimiento":719,"idHogar":1,"idUsuario":1,"idCategoria":2,"monto":33.5,"fecha":"2026-01-01T11:59:00.0000000Z","tipo":"Ingreso","descripcion":"Mov 719","origenEmisora":"Banco Perf"}

POST /api/Movimientos -> 201
RespBody: {"idMovimiento":720,"idHogar":1,"idUsuario":1,"idCategoria":1,"monto":40.5,"fecha":"2026-01-01T12:00:00.0000000Z","tipo":"Gasto","descripcion":"Mov 720","origenEmisora":"Banco Perf"}

POST /api/Movimientos -> 201
RespBody: {"idMovimiento":721,"idHogar":1,"idUsuario":1,"idCategoria":2,"monto":47.5,"fecha":"2026-01-01T12:01:00.0000000Z","tipo":"Ingreso","descripcion":"Mov 721","origenEmisora":"Banco Perf"}

POST /api/Movimientos -> 201
RespBody: {"idMovimiento":722,"idHogar":1,"idUsuario":1,"idCategoria":1,"monto":54.5,"fecha":"2026-01-01T12:02:00.0000000Z","tipo":"Gasto","descripcion":"Mov 722","origenEmisora":"Banco Perf"}

POST /api/Movimientos -> 201
RespBody: {"idMovimiento":723,"idHogar":1,"idUsuario":1,"idCategoria":2,"monto":61.5,"fecha":"2026-01-01T12:03:00.0000000Z","tipo":"Ingreso","descripcion":"Mov 723","origenEmisora":"Banco Perf"}

POST /api/Movimientos -> 201
RespBody: {"idMovimiento":724,"idHogar":1,"idUsuario":1,"idCategoria":1,"monto":68.5,"fecha":"2026-01-01T12:04:00.0000000Z","tipo":"Gasto","descripcion":"Mov 724","origenEmisora":"Banco Perf"}

POST /api/Movimientos -> 201
RespBody: {"idMovimiento":725,"idHogar":1,"idUsuario":1,"idCategoria":2,"monto":75.5,"fecha":"2026-01-01T12:05:00.0000000Z","tipo":"Ingreso","descripcion":"Mov 725","origenEmisora":"Banco Perf"}

POST /api/Movimientos -> 201
RespBody: {"idMovimiento":726,"idHogar":1,"idUsuario":1,"idCategoria":1,"monto":82.5,"fecha":"2026-01-01T12:06:00.0000000Z","tipo":"Gasto","descripcion":"Mov 726","origenEmisora":"Banco Perf"}

POST /api/Movimientos -> 201
RespBody: {"idMovimiento":727,"idHogar":1,"idUsuario":1,"idCategoria":2,"monto":89.5,"fecha":"2026-01-01T12:07:00.0000000Z","tipo":"Ingreso","descripcion":"Mov 727","origenEmisora":"Banco Perf"}

POST /api/Movimientos -> 201
RespBody: {"idMovimiento":728,"idHogar":1,"idUsuario":1,"idCategoria":1,"monto":96.5,"fecha":"2026-01-01T12:08:00.0000000Z","tipo":"Gasto","descripcion":"Mov 728","origenEmisora":"Banco Perf"}

POST /api/Movimientos -> 201
RespBody: {"idMovimiento":729,"idHogar":1,"idUsuario":1,"idCategoria":2,"monto":103.5,"fecha":"2026-01-01T12:09:00.0000000Z","tipo":"Ingreso","descripcion":"Mov 729","origenEmisora":"Banco Perf"}

POST /api/Movimientos -> 201
RespBody: {"idMovimiento":730,"idHogar":1,"idUsuario":1,"idCategoria":1,"monto":110.5,"fecha":"2026-01-01T12:10:00.0000000Z","tipo":"Gasto","descripcion":"Mov 730","origenEmisora":"Banco Perf"}

POST /api/Movimientos -> 201
RespBody: {"idMovimiento":731,"idHogar":1,"idUsuario":1,"idCategoria":2,"monto":117.5,"fecha":"2026-01-01T12:11:00.0000000Z","tipo":"Ingreso","descripcion":"Mov 731","origenEmisora":"Banco Perf"}

POST /api/Movimientos -> 201
RespBody: {"idMovimiento":732,"idHogar":1,"idUsuario":1,"idCategoria":1,"monto":124.5,"fecha":"2026-01-01T12:12:00.0000000Z","tipo":"Gasto","descripcion":"Mov 732","origenEmisora":"Banco Perf"}

POST /api/Movimientos -> 201
RespBody: {"idMovimiento":733,"idHogar":1,"idUsuario":1,"idCategoria":2,"monto":131.5,"fecha":"2026-01-01T12:13:00.0000000Z","tipo":"Ingreso","descripcion":"Mov 733","origenEmisora":"Banco Perf"}

POST /api/Movimientos -> 201
RespBody: {"idMovimiento":734,"idHogar":1,"idUsuario":1,"idCategoria":1,"monto":138.5,"fecha":"2026-01-01T12:14:00.0000000Z","tipo":"Gasto","descripcion":"Mov 734","origenEmisora":"Banco Perf"}

POST /api/Movimientos -> 201
RespBody: {"idMovimiento":735,"idHogar":1,"idUsuario":1,"idCategoria":2,"monto":145.5,"fecha":"2026-01-01T12:15:00.0000000Z","tipo":"Ingreso","descripcion":"Mov 735","origenEmisora":"Banco Perf"}

POST /api/Movimientos -> 201
RespBody: {"idMovimiento":736,"idHogar":1,"idUsuario":1,"idCategoria":1,"monto":152.5,"fecha":"2026-01-01T12:16:00.0000000Z","tipo":"Gasto","descripcion":"Mov 736","origenEmisora":"Banco Perf"}

POST /api/Movimientos -> 201
RespBody: {"idMovimiento":737,"idHogar":1,"idUsuario":1,"idCategoria":2,"monto":159.5,"fecha":"2026-01-01T12:17:00.0000000Z","tipo":"Ingreso","descripcion":"Mov 737","origenEmisora":"Banco Perf"}

POST /api/Movimientos -> 201
RespBody: {"idMovimiento":738,"idHogar":1,"idUsuario":1,"idCategoria":1,"monto":166.5,"fecha":"2026-01-01T12:18:00.0000000Z","tipo":"Gasto","descripcion":"Mov 738","origenEmisora":"Banco Perf"}

POST /api/Movimientos -> 201
RespBody: {"idMovimiento":739,"idHogar":1,"idUsuario":1,"idCategoria":2,"monto":173.5,"fecha":"2026-01-01T12:19:00.0000000Z","tipo":"Ingreso","descripcion":"Mov 739","origenEmisora":"Banco Perf"}

POST /api/Movimientos -> 201
RespBody: {"idMovimiento":740,"idHogar":1,"idUsuario":1,"idCategoria":1,"monto":180.5,"fecha":"2026-01-01T12:20:00.0000000Z","tipo":"Gasto","descripcion":"Mov 740","origenEmisora":"Banco Perf"}

POST /api/Movimientos -> 201
RespBody: {"idMovimiento":741,"idHogar":1,"idUsuario":1,"idCategoria":2,"monto":187.5,"fecha":"2026-01-01T12:21:00.0000000Z","tipo":"Ingreso","descripcion":"Mov 741","origenEmisora":"Banco Perf"}

POST /api/Movimientos -> 201
RespBody: {"idMovimiento":742,"idHogar":1,"idUsuario":1,"idCategoria":1,"monto":194.5,"fecha":"2026-01-01T12:22:00.0000000Z","tipo":"Gasto","descripcion":"Mov 742","origenEmisora":"Banco Perf"}

POST /api/Movimientos -> 201
RespBody: {"idMovimiento":743,"idHogar":1,"idUsuario":1,"idCategoria":2,"monto":201.5,"fecha":"2026-01-01T12:23:00.0000000Z","tipo":"Ingreso","descripcion":"Mov 743","origenEmisora":"Banco Perf"}

POST /api/Movimientos -> 201
RespBody: {"idMovimiento":744,"idHogar":1,"idUsuario":1,"idCategoria":1,"monto":208.5,"fecha":"2026-01-01T12:24:00.0000000Z","tipo":"Gasto","descripcion":"Mov 744","origenEmisora":"Banco Perf"}

POST /api/Movimientos -> 201
RespBody: {"idMovimiento":745,"idHogar":1,"idUsuario":1,"idCategoria":2,"monto":215.5,"fecha":"2026-01-01T12:25:00.0000000Z","tipo":"Ingreso","descripcion":"Mov 745","origenEmisora":"Banco Perf"}

POST /api/Movimientos -> 201
RespBody: {"idMovimiento":746,"idHogar":1,"idUsuario":1,"idCategoria":1,"monto":222.5,"fecha":"2026-01-01T12:26:00.0000000Z","tipo":"Gasto","descripcion":"Mov 746","origenEmisora":"Banco Perf"}

POST /api/Movimientos -> 201
RespBody: {"idMovimiento":747,"idHogar":1,"idUsuario":1,"idCategoria":2,"monto":229.5,"fecha":"2026-01-01T12:27:00.0000000Z","tipo":"Ingreso","descripcion":"Mov 747","origenEmisora":"Banco Perf"}

POST /api/Movimientos -> 201
RespBody: {"idMovimiento":748,"idHogar":1,"idUsuario":1,"idCategoria":1,"monto":236.5,"fecha":"2026-01-01T12:28:00.0000000Z","tipo":"Gasto","descripcion":"Mov 748","origenEmisora":"Banco Perf"}

POST /api/Movimientos -> 201
RespBody: {"idMovimiento":749,"idHogar":1,"idUsuario":1,"idCategoria":2,"monto":243.5,"fecha":"2026-01-01T12:29:00.0000000Z","tipo":"Ingreso","descripcion":"Mov 749","origenEmisora":"Banco Perf"}

POST /api/Movimientos -> 201
RespBody: {"idMovimiento":750,"idHogar":1,"idUsuario":1,"idCategoria":1,"monto":250.5,"fecha":"2026-01-01T12:30:00.0000000Z","tipo":"Gasto","descripcion":"Mov 750","origenEmisora":"Banco Perf"}

POST /api/Movimientos -> 201
RespBody: {"idMovimiento":751,"idHogar":1,"idUsuario":1,"idCategoria":2,"monto":257.5,"fecha":"2026-01-01T12:31:00.0000000Z","tipo":"Ingreso","descripcion":"Mov 751","origenEmisora":"Banco Perf"}

POST /api/Movimientos -> 201
RespBody: {"idMovimiento":752,"idHogar":1,"idUsuario":1,"idCategoria":1,"monto":264.5,"fecha":"2026-01-01T12:32:00.0000000Z","tipo":"Gasto","descripcion":"Mov 752","origenEmisora":"Banco Perf"}

POST /api/Movimientos -> 201
RespBody: {"idMovimiento":753,"idHogar":1,"idUsuario":1,"idCategoria":2,"monto":271.5,"fecha":"2026-01-01T12:33:00.0000000Z","tipo":"Ingreso","descripcion":"Mov 753","origenEmisora":"Banco Perf"}

POST /api/Movimientos -> 201
RespBody: {"idMovimiento":754,"idHogar":1,"idUsuario":1,"idCategoria":1,"monto":278.5,"fecha":"2026-01-01T12:34:00.0000000Z","tipo":"Gasto","descripcion":"Mov 754","origenEmisora":"Banco Perf"}

POST /api/Movimientos -> 201
RespBody: {"idMovimiento":755,"idHogar":1,"idUsuario":1,"idCategoria":2,"monto":285.5,"fecha":"2026-01-01T12:35:00.0000000Z","tipo":"Ingreso","descripcion":"Mov 755","origenEmisora":"Banco Perf"}

POST /api/Movimientos -> 201
RespBody: {"idMovimiento":756,"idHogar":1,"idUsuario":1,"idCategoria":1,"monto":292.5,"fecha":"2026-01-01T12:36:00.0000000Z","tipo":"Gasto","descripcion":"Mov 756","origenEmisora":"Banco Perf"}

POST /api/Movimientos -> 201
RespBody: {"idMovimiento":757,"idHogar":1,"idUsuario":1,"idCategoria":2,"monto":299.5,"fecha":"2026-01-01T12:37:00.0000000Z","tipo":"Ingreso","descripcion":"Mov 757","origenEmisora":"Banco Perf"}

POST /api/Movimientos -> 201
RespBody: {"idMovimiento":758,"idHogar":1,"idUsuario":1,"idCategoria":1,"monto":306.5,"fecha":"2026-01-01T12:38:00.0000000Z","tipo":"Gasto","descripcion":"Mov 758","origenEmisora":"Banco Perf"}

POST /api/Movimientos -> 201
RespBody: {"idMovimiento":759,"idHogar":1,"idUsuario":1,"idCategoria":2,"monto":313.5,"fecha":"2026-01-01T12:39:00.0000000Z","tipo":"Ingreso","descripcion":"Mov 759","origenEmisora":"Banco Perf"}

POST /api/Movimientos -> 201
RespBody: {"idMovimiento":760,"idHogar":1,"idUsuario":1,"idCategoria":1,"monto":320.5,"fecha":"2026-01-01T12:40:00.0000000Z","tipo":"Gasto","descripcion":"Mov 760","origenEmisora":"Banco Perf"}

POST /api/Movimientos -> 201
RespBody: {"idMovimiento":761,"idHogar":1,"idUsuario":1,"idCategoria":2,"monto":327.5,"fecha":"2026-01-01T12:41:00.0000000Z","tipo":"Ingreso","descripcion":"Mov 761","origenEmisora":"Banco Perf"}

POST /api/Movimientos -> 201
RespBody: {"idMovimiento":762,"idHogar":1,"idUsuario":1,"idCategoria":1,"monto":334.5,"fecha":"2026-01-01T12:42:00.0000000Z","tipo":"Gasto","descripcion":"Mov 762","origenEmisora":"Banco Perf"}

POST /api/Movimientos -> 201
RespBody: {"idMovimiento":763,"idHogar":1,"idUsuario":1,"idCategoria":2,"monto":341.5,"fecha":"2026-01-01T12:43:00.0000000Z","tipo":"Ingreso","descripcion":"Mov 763","origenEmisora":"Banco Perf"}

POST /api/Movimientos -> 201
RespBody: {"idMovimiento":764,"idHogar":1,"idUsuario":1,"idCategoria":1,"monto":348.5,"fecha":"2026-01-01T12:44:00.0000000Z","tipo":"Gasto","descripcion":"Mov 764","origenEmisora":"Banco Perf"}

POST /api/Movimientos -> 201
RespBody: {"idMovimiento":765,"idHogar":1,"idUsuario":1,"idCategoria":2,"monto":355.5,"fecha":"2026-01-01T12:45:00.0000000Z","tipo":"Ingreso","descripcion":"Mov 765","origenEmisora":"Banco Perf"}

POST /api/Movimientos -> 201
RespBody: {"idMovimiento":766,"idHogar":1,"idUsuario":1,"idCategoria":1,"monto":362.5,"fecha":"2026-01-01T12:46:00.0000000Z","tipo":"Gasto","descripcion":"Mov 766","origenEmisora":"Banco Perf"}

POST /api/Movimientos -> 201
RespBody: {"idMovimiento":767,"idHogar":1,"idUsuario":1,"idCategoria":2,"monto":369.5,"fecha":"2026-01-01T12:47:00.0000000Z","tipo":"Ingreso","descripcion":"Mov 767","origenEmisora":"Banco Perf"}

POST /api/Movimientos -> 201
RespBody: {"idMovimiento":768,"idHogar":1,"idUsuario":1,"idCategoria":1,"monto":376.5,"fecha":"2026-01-01T12:48:00.0000000Z","tipo":"Gasto","descripcion":"Mov 768","origenEmisora":"Banco Perf"}

POST /api/Movimientos -> 201
RespBody: {"idMovimiento":769,"idHogar":1,"idUsuario":1,"idCategoria":2,"monto":383.5,"fecha":"2026-01-01T12:49:00.0000000Z","tipo":"Ingreso","descripcion":"Mov 769","origenEmisora":"Banco Perf"}

POST /api/Movimientos -> 201
RespBody: {"idMovimiento":770,"idHogar":1,"idUsuario":1,"idCategoria":1,"monto":390.5,"fecha":"2026-01-01T12:50:00.0000000Z","tipo":"Gasto","descripcion":"Mov 770","origenEmisora":"Banco Perf"}

POST /api/Movimientos -> 201
RespBody: {"idMovimiento":771,"idHogar":1,"idUsuario":1,"idCategoria":2,"monto":397.5,"fecha":"2026-01-01T12:51:00.0000000Z","tipo":"Ingreso","descripcion":"Mov 771","origenEmisora":"Banco Perf"}

POST /api/Movimientos -> 201
RespBody: {"idMovimiento":772,"idHogar":1,"idUsuario":1,"idCategoria":1,"monto":404.5,"fecha":"2026-01-01T12:52:00.0000000Z","tipo":"Gasto","descripcion":"Mov 772","origenEmisora":"Banco Perf"}

POST /api/Movimientos -> 201
RespBody: {"idMovimiento":773,"idHogar":1,"idUsuario":1,"idCategoria":2,"monto":411.5,"fecha":"2026-01-01T12:53:00.0000000Z","tipo":"Ingreso","descripcion":"Mov 773","origenEmisora":"Banco Perf"}

POST /api/Movimientos -> 201
RespBody: {"idMovimiento":774,"idHogar":1,"idUsuario":1,"idCategoria":1,"monto":418.5,"fecha":"2026-01-01T12:54:00.0000000Z","tipo":"Gasto","descripcion":"Mov 774","origenEmisora":"Banco Perf"}

POST /api/Movimientos -> 201
RespBody: {"idMovimiento":775,"idHogar":1,"idUsuario":1,"idCategoria":2,"monto":425.5,"fecha":"2026-01-01T12:55:00.0000000Z","tipo":"Ingreso","descripcion":"Mov 775","origenEmisora":"Banco Perf"}

POST /api/Movimientos -> 201
RespBody: {"idMovimiento":776,"idHogar":1,"idUsuario":1,"idCategoria":1,"monto":432.5,"fecha":"2026-01-01T12:56:00.0000000Z","tipo":"Gasto","descripcion":"Mov 776","origenEmisora":"Banco Perf"}

POST /api/Movimientos -> 201
RespBody: {"idMovimiento":777,"idHogar":1,"idUsuario":1,"idCategoria":2,"monto":439.5,"fecha":"2026-01-01T12:57:00.0000000Z","tipo":"Ingreso","descripcion":"Mov 777","origenEmisora":"Banco Perf"}

POST /api/Movimientos -> 201
RespBody: {"idMovimiento":778,"idHogar":1,"idUsuario":1,"idCategoria":1,"monto":446.5,"fecha":"2026-01-01T12:58:00.0000000Z","tipo":"Gasto","descripcion":"Mov 778","origenEmisora":"Banco Perf"}

POST /api/Movimientos -> 201
RespBody: {"idMovimiento":779,"idHogar":1,"idUsuario":1,"idCategoria":2,"monto":453.5,"fecha":"2026-01-01T12:59:00.0000000Z","tipo":"Ingreso","descripcion":"Mov 779","origenEmisora":"Banco Perf"}

POST /api/Movimientos -> 201
RespBody: {"idMovimiento":780,"idHogar":1,"idUsuario":1,"idCategoria":1,"monto":460.5,"fecha":"2026-01-01T13:00:00.0000000Z","tipo":"Gasto","descripcion":"Mov 780","origenEmisora":"Banco Perf"}

POST /api/Movimientos -> 201
RespBody: {"idMovimiento":781,"idHogar":1,"idUsuario":1,"idCategoria":2,"monto":467.5,"fecha":"2026-01-01T13:01:00.0000000Z","tipo":"Ingreso","descripcion":"Mov 781","origenEmisora":"Banco Perf"}

POST /api/Movimientos -> 201
RespBody: {"idMovimiento":782,"idHogar":1,"idUsuario":1,"idCategoria":1,"monto":474.5,"fecha":"2026-01-01T13:02:00.0000000Z","tipo":"Gasto","descripcion":"Mov 782","origenEmisora":"Banco Perf"}

POST /api/Movimientos -> 201
RespBody: {"idMovimiento":783,"idHogar":1,"idUsuario":1,"idCategoria":2,"monto":481.5,"fecha":"2026-01-01T13:03:00.0000000Z","tipo":"Ingreso","descripcion":"Mov 783","origenEmisora":"Banco Perf"}

POST /api/Movimientos -> 201
RespBody: {"idMovimiento":784,"idHogar":1,"idUsuario":1,"idCategoria":1,"monto":488.5,"fecha":"2026-01-01T13:04:00.0000000Z","tipo":"Gasto","descripcion":"Mov 784","origenEmisora":"Banco Perf"}

POST /api/Movimientos -> 201
RespBody: {"idMovimiento":785,"idHogar":1,"idUsuario":1,"idCategoria":2,"monto":495.5,"fecha":"2026-01-01T13:05:00.0000000Z","tipo":"Ingreso","descripcion":"Mov 785","origenEmisora":"Banco Perf"}

POST /api/Movimientos -> 201
RespBody: {"idMovimiento":786,"idHogar":1,"idUsuario":1,"idCategoria":1,"monto":502.5,"fecha":"2026-01-01T13:06:00.0000000Z","tipo":"Gasto","descripcion":"Mov 786","origenEmisora":"Banco Perf"}

POST /api/Movimientos -> 201
RespBody: {"idMovimiento":787,"idHogar":1,"idUsuario":1,"idCategoria":2,"monto":509.5,"fecha":"2026-01-01T13:07:00.0000000Z","tipo":"Ingreso","descripcion":"Mov 787","origenEmisora":"Banco Perf"}

POST /api/Movimientos -> 201
RespBody: {"idMovimiento":788,"idHogar":1,"idUsuario":1,"idCategoria":1,"monto":516.5,"fecha":"2026-01-01T13:08:00.0000000Z","tipo":"Gasto","descripcion":"Mov 788","origenEmisora":"Banco Perf"}

POST /api/Movimientos -> 201
RespBody: {"idMovimiento":789,"idHogar":1,"idUsuario":1,"idCategoria":2,"monto":523.5,"fecha":"2026-01-01T13:09:00.0000000Z","tipo":"Ingreso","descripcion":"Mov 789","origenEmisora":"Banco Perf"}

POST /api/Movimientos -> 201
RespBody: {"idMovimiento":790,"idHogar":1,"idUsuario":1,"idCategoria":1,"monto":530.5,"fecha":"2026-01-01T13:10:00.0000000Z","tipo":"Gasto","descripcion":"Mov 790","origenEmisora":"Banco Perf"}

POST /api/Movimientos -> 201
RespBody: {"idMovimiento":791,"idHogar":1,"idUsuario":1,"idCategoria":2,"monto":537.5,"fecha":"2026-01-01T13:11:00.0000000Z","tipo":"Ingreso","descripcion":"Mov 791","origenEmisora":"Banco Perf"}

POST /api/Movimientos -> 201
RespBody: {"idMovimiento":792,"idHogar":1,"idUsuario":1,"idCategoria":1,"monto":544.5,"fecha":"2026-01-01T13:12:00.0000000Z","tipo":"Gasto","descripcion":"Mov 792","origenEmisora":"Banco Perf"}

POST /api/Movimientos -> 201
RespBody: {"idMovimiento":793,"idHogar":1,"idUsuario":1,"idCategoria":2,"monto":551.5,"fecha":"2026-01-01T13:13:00.0000000Z","tipo":"Ingreso","descripcion":"Mov 793","origenEmisora":"Banco Perf"}

POST /api/Movimientos -> 201
RespBody: {"idMovimiento":794,"idHogar":1,"idUsuario":1,"idCategoria":1,"monto":558.5,"fecha":"2026-01-01T13:14:00.0000000Z","tipo":"Gasto","descripcion":"Mov 794","origenEmisora":"Banco Perf"}

POST /api/Movimientos -> 201
RespBody: {"idMovimiento":795,"idHogar":1,"idUsuario":1,"idCategoria":2,"monto":565.5,"fecha":"2026-01-01T13:15:00.0000000Z","tipo":"Ingreso","descripcion":"Mov 795","origenEmisora":"Banco Perf"}

POST /api/Movimientos -> 201
RespBody: {"idMovimiento":796,"idHogar":1,"idUsuario":1,"idCategoria":1,"monto":572.5,"fecha":"2026-01-01T13:16:00.0000000Z","tipo":"Gasto","descripcion":"Mov 796","origenEmisora":"Banco Perf"}

POST /api/Movimientos -> 201
RespBody: {"idMovimiento":797,"idHogar":1,"idUsuario":1,"idCategoria":2,"monto":579.5,"fecha":"2026-01-01T13:17:00.0000000Z","tipo":"Ingreso","descripcion":"Mov 797","origenEmisora":"Banco Perf"}

POST /api/Movimientos -> 201
RespBody: {"idMovimiento":798,"idHogar":1,"idUsuario":1,"idCategoria":1,"monto":586.5,"fecha":"2026-01-01T13:18:00.0000000Z","tipo":"Gasto","descripcion":"Mov 798","origenEmisora":"Banco Perf"}

POST /api/Movimientos -> 201
RespBody: {"idMovimiento":799,"idHogar":1,"idUsuario":1,"idCategoria":2,"monto":593.5,"fecha":"2026-01-01T13:19:00.0000000Z","tipo":"Ingreso","descripcion":"Mov 799","origenEmisora":"Banco Perf"}

POST /api/Movimientos -> 201
RespBody: {"idMovimiento":800,"idHogar":1,"idUsuario":1,"idCategoria":1,"monto":600.5,"fecha":"2026-01-01T13:20:00.0000000Z","tipo":"Gasto","descripcion":"Mov 800","origenEmisora":"Banco Perf"}

POST /api/Movimientos -> 201
RespBody: {"idMovimiento":801,"idHogar":1,"idUsuario":1,"idCategoria":2,"monto":607.5,"fecha":"2026-01-01T13:21:00.0000000Z","tipo":"Ingreso","descripcion":"Mov 801","origenEmisora":"Banco Perf"}

POST /api/Movimientos -> 201
RespBody: {"idMovimiento":802,"idHogar":1,"idUsuario":1,"idCategoria":1,"monto":614.5,"fecha":"2026-01-01T13:22:00.0000000Z","tipo":"Gasto","descripcion":"Mov 802","origenEmisora":"Banco Perf"}

POST /api/Movimientos -> 201
RespBody: {"idMovimiento":803,"idHogar":1,"idUsuario":1,"idCategoria":2,"monto":621.5,"fecha":"2026-01-01T13:23:00.0000000Z","tipo":"Ingreso","descripcion":"Mov 803","origenEmisora":"Banco Perf"}

POST /api/Movimientos -> 201
RespBody: {"idMovimiento":804,"idHogar":1,"idUsuario":1,"idCategoria":1,"monto":628.5,"fecha":"2026-01-01T13:24:00.0000000Z","tipo":"Gasto","descripcion":"Mov 804","origenEmisora":"Banco Perf"}

POST /api/Movimientos -> 201
RespBody: {"idMovimiento":805,"idHogar":1,"idUsuario":1,"idCategoria":2,"monto":635.5,"fecha":"2026-01-01T13:25:00.0000000Z","tipo":"Ingreso","descripcion":"Mov 805","origenEmisora":"Banco Perf"}

POST /api/Movimientos -> 201
RespBody: {"idMovimiento":806,"idHogar":1,"idUsuario":1,"idCategoria":1,"monto":642.5,"fecha":"2026-01-01T13:26:00.0000000Z","tipo":"Gasto","descripcion":"Mov 806","origenEmisora":"Banco Perf"}

POST /api/Movimientos -> 201
RespBody: {"idMovimiento":807,"idHogar":1,"idUsuario":1,"idCategoria":2,"monto":649.5,"fecha":"2026-01-01T13:27:00.0000000Z","tipo":"Ingreso","descripcion":"Mov 807","origenEmisora":"Banco Perf"}

POST /api/Movimientos -> 201
RespBody: {"idMovimiento":808,"idHogar":1,"idUsuario":1,"idCategoria":1,"monto":656.5,"fecha":"2026-01-01T13:28:00.0000000Z","tipo":"Gasto","descripcion":"Mov 808","origenEmisora":"Banco Perf"}

POST /api/Movimientos -> 201
RespBody: {"idMovimiento":809,"idHogar":1,"idUsuario":1,"idCategoria":2,"monto":663.5,"fecha":"2026-01-01T13:29:00.0000000Z","tipo":"Ingreso","descripcion":"Mov 809","origenEmisora":"Banco Perf"}

POST /api/Movimientos -> 201
RespBody: {"idMovimiento":810,"idHogar":1,"idUsuario":1,"idCategoria":1,"monto":670.5,"fecha":"2026-01-01T13:30:00.0000000Z","tipo":"Gasto","descripcion":"Mov 810","origenEmisora":"Banco Perf"}

POST /api/Movimientos -> 201
RespBody: {"idMovimiento":811,"idHogar":1,"idUsuario":1,"idCategoria":2,"monto":677.5,"fecha":"2026-01-01T13:31:00.0000000Z","tipo":"Ingreso","descripcion":"Mov 811","origenEmisora":"Banco Perf"}

POST /api/Movimientos -> 201
RespBody: {"idMovimiento":812,"idHogar":1,"idUsuario":1,"idCategoria":1,"monto":684.5,"fecha":"2026-01-01T13:32:00.0000000Z","tipo":"Gasto","descripcion":"Mov 812","origenEmisora":"Banco Perf"}

POST /api/Movimientos -> 201
RespBody: {"idMovimiento":813,"idHogar":1,"idUsuario":1,"idCategoria":2,"monto":691.5,"fecha":"2026-01-01T13:33:00.0000000Z","tipo":"Ingreso","descripcion":"Mov 813","origenEmisora":"Banco Perf"}

POST /api/Movimientos -> 201
RespBody: {"idMovimiento":814,"idHogar":1,"idUsuario":1,"idCategoria":1,"monto":698.5,"fecha":"2026-01-01T13:34:00.0000000Z","tipo":"Gasto","descripcion":"Mov 814","origenEmisora":"Banco Perf"}

POST /api/Movimientos -> 201
RespBody: {"idMovimiento":815,"idHogar":1,"idUsuario":1,"idCategoria":2,"monto":705.5,"fecha":"2026-01-01T13:35:00.0000000Z","tipo":"Ingreso","descripcion":"Mov 815","origenEmisora":"Banco Perf"}

POST /api/Movimientos -> 201
RespBody: {"idMovimiento":816,"idHogar":1,"idUsuario":1,"idCategoria":1,"monto":712.5,"fecha":"2026-01-01T13:36:00.0000000Z","tipo":"Gasto","descripcion":"Mov 816","origenEmisora":"Banco Perf"}

POST /api/Movimientos -> 201
RespBody: {"idMovimiento":817,"idHogar":1,"idUsuario":1,"idCategoria":2,"monto":719.5,"fecha":"2026-01-01T13:37:00.0000000Z","tipo":"Ingreso","descripcion":"Mov 817","origenEmisora":"Banco Perf"}

POST /api/Movimientos -> 201
RespBody: {"idMovimiento":818,"idHogar":1,"idUsuario":1,"idCategoria":1,"monto":726.5,"fecha":"2026-01-01T13:38:00.0000000Z","tipo":"Gasto","descripcion":"Mov 818","origenEmisora":"Banco Perf"}

POST /api/Movimientos -> 201
RespBody: {"idMovimiento":819,"idHogar":1,"idUsuario":1,"idCategoria":2,"monto":733.5,"fecha":"2026-01-01T13:39:00.0000000Z","tipo":"Ingreso","descripcion":"Mov 819","origenEmisora":"Banco Perf"}

POST /api/Movimientos -> 201
RespBody: {"idMovimiento":820,"idHogar":1,"idUsuario":1,"idCategoria":1,"monto":740.5,"fecha":"2026-01-01T13:40:00.0000000Z","tipo":"Gasto","descripcion":"Mov 820","origenEmisora":"Banco Perf"}

POST /api/Movimientos -> 201
RespBody: {"idMovimiento":821,"idHogar":1,"idUsuario":1,"idCategoria":2,"monto":747.5,"fecha":"2026-01-01T13:41:00.0000000Z","tipo":"Ingreso","descripcion":"Mov 821","origenEmisora":"Banco Perf"}

POST /api/Movimientos -> 201
RespBody: {"idMovimiento":822,"idHogar":1,"idUsuario":1,"idCategoria":1,"monto":754.5,"fecha":"2026-01-01T13:42:00.0000000Z","tipo":"Gasto","descripcion":"Mov 822","origenEmisora":"Banco Perf"}

POST /api/Movimientos -> 201
RespBody: {"idMovimiento":823,"idHogar":1,"idUsuario":1,"idCategoria":2,"monto":761.5,"fecha":"2026-01-01T13:43:00.0000000Z","tipo":"Ingreso","descripcion":"Mov 823","origenEmisora":"Banco Perf"}

POST /api/Movimientos -> 201
RespBody: {"idMovimiento":824,"idHogar":1,"idUsuario":1,"idCategoria":1,"monto":768.5,"fecha":"2026-01-01T13:44:00.0000000Z","tipo":"Gasto","descripcion":"Mov 824","origenEmisora":"Banco Perf"}

POST /api/Movimientos -> 201
RespBody: {"idMovimiento":825,"idHogar":1,"idUsuario":1,"idCategoria":2,"monto":775.5,"fecha":"2026-01-01T13:45:00.0000000Z","tipo":"Ingreso","descripcion":"Mov 825","origenEmisora":"Banco Perf"}

POST /api/Movimientos -> 201
RespBody: {"idMovimiento":826,"idHogar":1,"idUsuario":1,"idCategoria":1,"monto":782.5,"fecha":"2026-01-01T13:46:00.0000000Z","tipo":"Gasto","descripcion":"Mov 826","origenEmisora":"Banco Perf"}

POST /api/Movimientos -> 201
RespBody: {"idMovimiento":827,"idHogar":1,"idUsuario":1,"idCategoria":2,"monto":789.5,"fecha":"2026-01-01T13:47:00.0000000Z","tipo":"Ingreso","descripcion":"Mov 827","origenEmisora":"Banco Perf"}

POST /api/Movimientos -> 201
RespBody: {"idMovimiento":828,"idHogar":1,"idUsuario":1,"idCategoria":1,"monto":796.5,"fecha":"2026-01-01T13:48:00.0000000Z","tipo":"Gasto","descripcion":"Mov 828","origenEmisora":"Banco Perf"}

POST /api/Movimientos -> 201
RespBody: {"idMovimiento":829,"idHogar":1,"idUsuario":1,"idCategoria":2,"monto":803.5,"fecha":"2026-01-01T13:49:00.0000000Z","tipo":"Ingreso","descripcion":"Mov 829","origenEmisora":"Banco Perf"}

POST /api/Movimientos -> 201
RespBody: {"idMovimiento":830,"idHogar":1,"idUsuario":1,"idCategoria":1,"monto":810.5,"fecha":"2026-01-01T13:50:00.0000000Z","tipo":"Gasto","descripcion":"Mov 830","origenEmisora":"Banco Perf"}

POST /api/Movimientos -> 201
RespBody: {"idMovimiento":831,"idHogar":1,"idUsuario":1,"idCategoria":2,"monto":817.5,"fecha":"2026-01-01T13:51:00.0000000Z","tipo":"Ingreso","descripcion":"Mov 831","origenEmisora":"Banco Perf"}

POST /api/Movimientos -> 201
RespBody: {"idMovimiento":832,"idHogar":1,"idUsuario":1,"idCategoria":1,"monto":824.5,"fecha":"2026-01-01T13:52:00.0000000Z","tipo":"Gasto","descripcion":"Mov 832","origenEmisora":"Banco Perf"}

POST /api/Movimientos -> 201
RespBody: {"idMovimiento":833,"idHogar":1,"idUsuario":1,"idCategoria":2,"monto":831.5,"fecha":"2026-01-01T13:53:00.0000000Z","tipo":"Ingreso","descripcion":"Mov 833","origenEmisora":"Banco Perf"}

POST /api/Movimientos -> 201
RespBody: {"idMovimiento":834,"idHogar":1,"idUsuario":1,"idCategoria":1,"monto":838.5,"fecha":"2026-01-01T13:54:00.0000000Z","tipo":"Gasto","descripcion":"Mov 834","origenEmisora":"Banco Perf"}

POST /api/Movimientos -> 201
RespBody: {"idMovimiento":835,"idHogar":1,"idUsuario":1,"idCategoria":2,"monto":845.5,"fecha":"2026-01-01T13:55:00.0000000Z","tipo":"Ingreso","descripcion":"Mov 835","origenEmisora":"Banco Perf"}

POST /api/Movimientos -> 201
RespBody: {"idMovimiento":836,"idHogar":1,"idUsuario":1,"idCategoria":1,"monto":852.5,"fecha":"2026-01-01T13:56:00.0000000Z","tipo":"Gasto","descripcion":"Mov 836","origenEmisora":"Banco Perf"}

POST /api/Movimientos -> 201
RespBody: {"idMovimiento":837,"idHogar":1,"idUsuario":1,"idCategoria":2,"monto":859.5,"fecha":"2026-01-01T13:57:00.0000000Z","tipo":"Ingreso","descripcion":"Mov 837","origenEmisora":"Banco Perf"}

POST /api/Movimientos -> 201
RespBody: {"idMovimiento":838,"idHogar":1,"idUsuario":1,"idCategoria":1,"monto":866.5,"fecha":"2026-01-01T13:58:00.0000000Z","tipo":"Gasto","descripcion":"Mov 838","origenEmisora":"Banco Perf"}

POST /api/Movimientos -> 201
RespBody: {"idMovimiento":839,"idHogar":1,"idUsuario":1,"idCategoria":2,"monto":873.5,"fecha":"2026-01-01T13:59:00.0000000Z","tipo":"Ingreso","descripcion":"Mov 839","origenEmisora":"Banco Perf"}

POST /api/Movimientos -> 201
RespBody: {"idMovimiento":840,"idHogar":1,"idUsuario":1,"idCategoria":1,"monto":880.5,"fecha":"2026-01-01T14:00:00.0000000Z","tipo":"Gasto","descripcion":"Mov 840","origenEmisora":"Banco Perf"}

POST /api/Movimientos -> 201
RespBody: {"idMovimiento":841,"idHogar":1,"idUsuario":1,"idCategoria":2,"monto":887.5,"fecha":"2026-01-01T14:01:00.0000000Z","tipo":"Ingreso","descripcion":"Mov 841","origenEmisora":"Banco Perf"}

POST /api/Movimientos -> 201
RespBody: {"idMovimiento":842,"idHogar":1,"idUsuario":1,"idCategoria":1,"monto":894.5,"fecha":"2026-01-01T14:02:00.0000000Z","tipo":"Gasto","descripcion":"Mov 842","origenEmisora":"Banco Perf"}

POST /api/Movimientos -> 201
RespBody: {"idMovimiento":843,"idHogar":1,"idUsuario":1,"idCategoria":2,"monto":901.5,"fecha":"2026-01-01T14:03:00.0000000Z","tipo":"Ingreso","descripcion":"Mov 843","origenEmisora":"Banco Perf"}

POST /api/Movimientos -> 201
RespBody: {"idMovimiento":844,"idHogar":1,"idUsuario":1,"idCategoria":1,"monto":908.5,"fecha":"2026-01-01T14:04:00.0000000Z","tipo":"Gasto","descripcion":"Mov 844","origenEmisora":"Banco Perf"}

POST /api/Movimientos -> 201
RespBody: {"idMovimiento":845,"idHogar":1,"idUsuario":1,"idCategoria":2,"monto":915.5,"fecha":"2026-01-01T14:05:00.0000000Z","tipo":"Ingreso","descripcion":"Mov 845","origenEmisora":"Banco Perf"}

POST /api/Movimientos -> 201
RespBody: {"idMovimiento":846,"idHogar":1,"idUsuario":1,"idCategoria":1,"monto":922.5,"fecha":"2026-01-01T14:06:00.0000000Z","tipo":"Gasto","descripcion":"Mov 846","origenEmisora":"Banco Perf"}

POST /api/Movimientos -> 201
RespBody: {"idMovimiento":847,"idHogar":1,"idUsuario":1,"idCategoria":2,"monto":929.5,"fecha":"2026-01-01T14:07:00.0000000Z","tipo":"Ingreso","descripcion":"Mov 847","origenEmisora":"Banco Perf"}

POST /api/Movimientos -> 201
RespBody: {"idMovimiento":848,"idHogar":1,"idUsuario":1,"idCategoria":1,"monto":936.5,"fecha":"2026-01-01T14:08:00.0000000Z","tipo":"Gasto","descripcion":"Mov 848","origenEmisora":"Banco Perf"}

POST /api/Movimientos -> 201
RespBody: {"idMovimiento":849,"idHogar":1,"idUsuario":1,"idCategoria":2,"monto":943.5,"fecha":"2026-01-01T14:09:00.0000000Z","tipo":"Ingreso","descripcion":"Mov 849","origenEmisora":"Banco Perf"}

POST /api/Movimientos -> 201
RespBody: {"idMovimiento":850,"idHogar":1,"idUsuario":1,"idCategoria":1,"monto":950.5,"fecha":"2026-01-01T14:10:00.0000000Z","tipo":"Gasto","descripcion":"Mov 850","origenEmisora":"Banco Perf"}

POST /api/Movimientos -> 201
RespBody: {"idMovimiento":851,"idHogar":1,"idUsuario":1,"idCategoria":2,"monto":957.5,"fecha":"2026-01-01T14:11:00.0000000Z","tipo":"Ingreso","descripcion":"Mov 851","origenEmisora":"Banco Perf"}

POST /api/Movimientos -> 201
RespBody: {"idMovimiento":852,"idHogar":1,"idUsuario":1,"idCategoria":1,"monto":964.5,"fecha":"2026-01-01T14:12:00.0000000Z","tipo":"Gasto","descripcion":"Mov 852","origenEmisora":"Banco Perf"}

POST /api/Movimientos -> 201
RespBody: {"idMovimiento":853,"idHogar":1,"idUsuario":1,"idCategoria":2,"monto":971.5,"fecha":"2026-01-01T14:13:00.0000000Z","tipo":"Ingreso","descripcion":"Mov 853","origenEmisora":"Banco Perf"}

POST /api/Movimientos -> 201
RespBody: {"idMovimiento":854,"idHogar":1,"idUsuario":1,"idCategoria":1,"monto":978.5,"fecha":"2026-01-01T14:14:00.0000000Z","tipo":"Gasto","descripcion":"Mov 854","origenEmisora":"Banco Perf"}

POST /api/Movimientos -> 201
RespBody: {"idMovimiento":855,"idHogar":1,"idUsuario":1,"idCategoria":2,"monto":985.5,"fecha":"2026-01-01T14:15:00.0000000Z","tipo":"Ingreso","descripcion":"Mov 855","origenEmisora":"Banco Perf"}

POST /api/Movimientos -> 201
RespBody: {"idMovimiento":856,"idHogar":1,"idUsuario":1,"idCategoria":1,"monto":992.5,"fecha":"2026-01-01T14:16:00.0000000Z","tipo":"Gasto","descripcion":"Mov 856","origenEmisora":"Banco Perf"}

POST /api/Movimientos -> 201
RespBody: {"idMovimiento":857,"idHogar":1,"idUsuario":1,"idCategoria":2,"monto":999.5,"fecha":"2026-01-01T14:17:00.0000000Z","tipo":"Ingreso","descripcion":"Mov 857","origenEmisora":"Banco Perf"}

POST /api/Movimientos -> 201
RespBody: {"idMovimiento":858,"idHogar":1,"idUsuario":1,"idCategoria":1,"monto":6.5,"fecha":"2026-01-01T14:18:00.0000000Z","tipo":"Gasto","descripcion":"Mov 858","origenEmisora":"Banco Perf"}

POST /api/Movimientos -> 201
RespBody: {"idMovimiento":859,"idHogar":1,"idUsuario":1,"idCategoria":2,"monto":13.5,"fecha":"2026-01-01T14:19:00.0000000Z","tipo":"Ingreso","descripcion":"Mov 859","origenEmisora":"Banco Perf"}

POST /api/Movimientos -> 201
RespBody: {"idMovimiento":860,"idHogar":1,"idUsuario":1,"idCategoria":1,"monto":20.5,"fecha":"2026-01-01T14:20:00.0000000Z","tipo":"Gasto","descripcion":"Mov 860","origenEmisora":"Banco Perf"}

POST /api/Movimientos -> 201
RespBody: {"idMovimiento":861,"idHogar":1,"idUsuario":1,"idCategoria":2,"monto":27.5,"fecha":"2026-01-01T14:21:00.0000000Z","tipo":"Ingreso","descripcion":"Mov 861","origenEmisora":"Banco Perf"}

POST /api/Movimientos -> 201
RespBody: {"idMovimiento":862,"idHogar":1,"idUsuario":1,"idCategoria":1,"monto":34.5,"fecha":"2026-01-01T14:22:00.0000000Z","tipo":"Gasto","descripcion":"Mov 862","origenEmisora":"Banco Perf"}

POST /api/Movimientos -> 201
RespBody: {"idMovimiento":863,"idHogar":1,"idUsuario":1,"idCategoria":2,"monto":41.5,"fecha":"2026-01-01T14:23:00.0000000Z","tipo":"Ingreso","descripcion":"Mov 863","origenEmisora":"Banco Perf"}

POST /api/Movimientos -> 201
RespBody: {"idMovimiento":864,"idHogar":1,"idUsuario":1,"idCategoria":1,"monto":48.5,"fecha":"2026-01-01T14:24:00.0000000Z","tipo":"Gasto","descripcion":"Mov 864","origenEmisora":"Banco Perf"}

POST /api/Movimientos -> 201
RespBody: {"idMovimiento":865,"idHogar":1,"idUsuario":1,"idCategoria":2,"monto":55.5,"fecha":"2026-01-01T14:25:00.0000000Z","tipo":"Ingreso","descripcion":"Mov 865","origenEmisora":"Banco Perf"}

POST /api/Movimientos -> 201
RespBody: {"idMovimiento":866,"idHogar":1,"idUsuario":1,"idCategoria":1,"monto":62.5,"fecha":"2026-01-01T14:26:00.0000000Z","tipo":"Gasto","descripcion":"Mov 866","origenEmisora":"Banco Perf"}

POST /api/Movimientos -> 201
RespBody: {"idMovimiento":867,"idHogar":1,"idUsuario":1,"idCategoria":2,"monto":69.5,"fecha":"2026-01-01T14:27:00.0000000Z","tipo":"Ingreso","descripcion":"Mov 867","origenEmisora":"Banco Perf"}

POST /api/Movimientos -> 201
RespBody: {"idMovimiento":868,"idHogar":1,"idUsuario":1,"idCategoria":1,"monto":76.5,"fecha":"2026-01-01T14:28:00.0000000Z","tipo":"Gasto","descripcion":"Mov 868","origenEmisora":"Banco Perf"}

POST /api/Movimientos -> 201
RespBody: {"idMovimiento":869,"idHogar":1,"idUsuario":1,"idCategoria":2,"monto":83.5,"fecha":"2026-01-01T14:29:00.0000000Z","tipo":"Ingreso","descripcion":"Mov 869","origenEmisora":"Banco Perf"}

POST /api/Movimientos -> 201
RespBody: {"idMovimiento":870,"idHogar":1,"idUsuario":1,"idCategoria":1,"monto":90.5,"fecha":"2026-01-01T14:30:00.0000000Z","tipo":"Gasto","descripcion":"Mov 870","origenEmisora":"Banco Perf"}

POST /api/Movimientos -> 201
RespBody: {"idMovimiento":871,"idHogar":1,"idUsuario":1,"idCategoria":2,"monto":97.5,"fecha":"2026-01-01T14:31:00.0000000Z","tipo":"Ingreso","descripcion":"Mov 871","origenEmisora":"Banco Perf"}

POST /api/Movimientos -> 201
RespBody: {"idMovimiento":872,"idHogar":1,"idUsuario":1,"idCategoria":1,"monto":104.5,"fecha":"2026-01-01T14:32:00.0000000Z","tipo":"Gasto","descripcion":"Mov 872","origenEmisora":"Banco Perf"}

POST /api/Movimientos -> 201
RespBody: {"idMovimiento":873,"idHogar":1,"idUsuario":1,"idCategoria":2,"monto":111.5,"fecha":"2026-01-01T14:33:00.0000000Z","tipo":"Ingreso","descripcion":"Mov 873","origenEmisora":"Banco Perf"}

POST /api/Movimientos -> 201
RespBody: {"idMovimiento":874,"idHogar":1,"idUsuario":1,"idCategoria":1,"monto":118.5,"fecha":"2026-01-01T14:34:00.0000000Z","tipo":"Gasto","descripcion":"Mov 874","origenEmisora":"Banco Perf"}

POST /api/Movimientos -> 201
RespBody: {"idMovimiento":875,"idHogar":1,"idUsuario":1,"idCategoria":2,"monto":125.5,"fecha":"2026-01-01T14:35:00.0000000Z","tipo":"Ingreso","descripcion":"Mov 875","origenEmisora":"Banco Perf"}

POST /api/Movimientos -> 201
RespBody: {"idMovimiento":876,"idHogar":1,"idUsuario":1,"idCategoria":1,"monto":132.5,"fecha":"2026-01-01T14:36:00.0000000Z","tipo":"Gasto","descripcion":"Mov 876","origenEmisora":"Banco Perf"}

POST /api/Movimientos -> 201
RespBody: {"idMovimiento":877,"idHogar":1,"idUsuario":1,"idCategoria":2,"monto":139.5,"fecha":"2026-01-01T14:37:00.0000000Z","tipo":"Ingreso","descripcion":"Mov 877","origenEmisora":"Banco Perf"}

POST /api/Movimientos -> 201
RespBody: {"idMovimiento":878,"idHogar":1,"idUsuario":1,"idCategoria":1,"monto":146.5,"fecha":"2026-01-01T14:38:00.0000000Z","tipo":"Gasto","descripcion":"Mov 878","origenEmisora":"Banco Perf"}

POST /api/Movimientos -> 201
RespBody: {"idMovimiento":879,"idHogar":1,"idUsuario":1,"idCategoria":2,"monto":153.5,"fecha":"2026-01-01T14:39:00.0000000Z","tipo":"Ingreso","descripcion":"Mov 879","origenEmisora":"Banco Perf"}

POST /api/Movimientos -> 201
RespBody: {"idMovimiento":880,"idHogar":1,"idUsuario":1,"idCategoria":1,"monto":160.5,"fecha":"2026-01-01T14:40:00.0000000Z","tipo":"Gasto","descripcion":"Mov 880","origenEmisora":"Banco Perf"}

POST /api/Movimientos -> 201
RespBody: {"idMovimiento":881,"idHogar":1,"idUsuario":1,"idCategoria":2,"monto":167.5,"fecha":"2026-01-01T14:41:00.0000000Z","tipo":"Ingreso","descripcion":"Mov 881","origenEmisora":"Banco Perf"}

POST /api/Movimientos -> 201
RespBody: {"idMovimiento":882,"idHogar":1,"idUsuario":1,"idCategoria":1,"monto":174.5,"fecha":"2026-01-01T14:42:00.0000000Z","tipo":"Gasto","descripcion":"Mov 882","origenEmisora":"Banco Perf"}

POST /api/Movimientos -> 201
RespBody: {"idMovimiento":883,"idHogar":1,"idUsuario":1,"idCategoria":2,"monto":181.5,"fecha":"2026-01-01T14:43:00.0000000Z","tipo":"Ingreso","descripcion":"Mov 883","origenEmisora":"Banco Perf"}

POST /api/Movimientos -> 201
RespBody: {"idMovimiento":884,"idHogar":1,"idUsuario":1,"idCategoria":1,"monto":188.5,"fecha":"2026-01-01T14:44:00.0000000Z","tipo":"Gasto","descripcion":"Mov 884","origenEmisora":"Banco Perf"}

POST /api/Movimientos -> 201
RespBody: {"idMovimiento":885,"idHogar":1,"idUsuario":1,"idCategoria":2,"monto":195.5,"fecha":"2026-01-01T14:45:00.0000000Z","tipo":"Ingreso","descripcion":"Mov 885","origenEmisora":"Banco Perf"}

POST /api/Movimientos -> 201
RespBody: {"idMovimiento":886,"idHogar":1,"idUsuario":1,"idCategoria":1,"monto":202.5,"fecha":"2026-01-01T14:46:00.0000000Z","tipo":"Gasto","descripcion":"Mov 886","origenEmisora":"Banco Perf"}

POST /api/Movimientos -> 201
RespBody: {"idMovimiento":887,"idHogar":1,"idUsuario":1,"idCategoria":2,"monto":209.5,"fecha":"2026-01-01T14:47:00.0000000Z","tipo":"Ingreso","descripcion":"Mov 887","origenEmisora":"Banco Perf"}

POST /api/Movimientos -> 201
RespBody: {"idMovimiento":888,"idHogar":1,"idUsuario":1,"idCategoria":1,"monto":216.5,"fecha":"2026-01-01T14:48:00.0000000Z","tipo":"Gasto","descripcion":"Mov 888","origenEmisora":"Banco Perf"}

POST /api/Movimientos -> 201
RespBody: {"idMovimiento":889,"idHogar":1,"idUsuario":1,"idCategoria":2,"monto":223.5,"fecha":"2026-01-01T14:49:00.0000000Z","tipo":"Ingreso","descripcion":"Mov 889","origenEmisora":"Banco Perf"}

POST /api/Movimientos -> 201
RespBody: {"idMovimiento":890,"idHogar":1,"idUsuario":1,"idCategoria":1,"monto":230.5,"fecha":"2026-01-01T14:50:00.0000000Z","tipo":"Gasto","descripcion":"Mov 890","origenEmisora":"Banco Perf"}

POST /api/Movimientos -> 201
RespBody: {"idMovimiento":891,"idHogar":1,"idUsuario":1,"idCategoria":2,"monto":237.5,"fecha":"2026-01-01T14:51:00.0000000Z","tipo":"Ingreso","descripcion":"Mov 891","origenEmisora":"Banco Perf"}

POST /api/Movimientos -> 201
RespBody: {"idMovimiento":892,"idHogar":1,"idUsuario":1,"idCategoria":1,"monto":244.5,"fecha":"2026-01-01T14:52:00.0000000Z","tipo":"Gasto","descripcion":"Mov 892","origenEmisora":"Banco Perf"}

POST /api/Movimientos -> 201
RespBody: {"idMovimiento":893,"idHogar":1,"idUsuario":1,"idCategoria":2,"monto":251.5,"fecha":"2026-01-01T14:53:00.0000000Z","tipo":"Ingreso","descripcion":"Mov 893","origenEmisora":"Banco Perf"}

POST /api/Movimientos -> 201
RespBody: {"idMovimiento":894,"idHogar":1,"idUsuario":1,"idCategoria":1,"monto":258.5,"fecha":"2026-01-01T14:54:00.0000000Z","tipo":"Gasto","descripcion":"Mov 894","origenEmisora":"Banco Perf"}

POST /api/Movimientos -> 201
RespBody: {"idMovimiento":895,"idHogar":1,"idUsuario":1,"idCategoria":2,"monto":265.5,"fecha":"2026-01-01T14:55:00.0000000Z","tipo":"Ingreso","descripcion":"Mov 895","origenEmisora":"Banco Perf"}

POST /api/Movimientos -> 201
RespBody: {"idMovimiento":896,"idHogar":1,"idUsuario":1,"idCategoria":1,"monto":272.5,"fecha":"2026-01-01T14:56:00.0000000Z","tipo":"Gasto","descripcion":"Mov 896","origenEmisora":"Banco Perf"}

POST /api/Movimientos -> 201
RespBody: {"idMovimiento":897,"idHogar":1,"idUsuario":1,"idCategoria":2,"monto":279.5,"fecha":"2026-01-01T14:57:00.0000000Z","tipo":"Ingreso","descripcion":"Mov 897","origenEmisora":"Banco Perf"}

POST /api/Movimientos -> 201
RespBody: {"idMovimiento":898,"idHogar":1,"idUsuario":1,"idCategoria":1,"monto":286.5,"fecha":"2026-01-01T14:58:00.0000000Z","tipo":"Gasto","descripcion":"Mov 898","origenEmisora":"Banco Perf"}

POST /api/Movimientos -> 201
RespBody: {"idMovimiento":899,"idHogar":1,"idUsuario":1,"idCategoria":2,"monto":293.5,"fecha":"2026-01-01T14:59:00.0000000Z","tipo":"Ingreso","descripcion":"Mov 899","origenEmisora":"Banco Perf"}

POST /api/Movimientos -> 201
RespBody: {"idMovimiento":900,"idHogar":1,"idUsuario":1,"idCategoria":1,"monto":300.5,"fecha":"2026-01-01T15:00:00.0000000Z","tipo":"Gasto","descripcion":"Mov 900","origenEmisora":"Banco Perf"}

POST /api/Movimientos -> 201
RespBody: {"idMovimiento":901,"idHogar":1,"idUsuario":1,"idCategoria":2,"monto":307.5,"fecha":"2026-01-01T15:01:00.0000000Z","tipo":"Ingreso","descripcion":"Mov 901","origenEmisora":"Banco Perf"}

POST /api/Movimientos -> 201
RespBody: {"idMovimiento":902,"idHogar":1,"idUsuario":1,"idCategoria":1,"monto":314.5,"fecha":"2026-01-01T15:02:00.0000000Z","tipo":"Gasto","descripcion":"Mov 902","origenEmisora":"Banco Perf"}

POST /api/Movimientos -> 201
RespBody: {"idMovimiento":903,"idHogar":1,"idUsuario":1,"idCategoria":2,"monto":321.5,"fecha":"2026-01-01T15:03:00.0000000Z","tipo":"Ingreso","descripcion":"Mov 903","origenEmisora":"Banco Perf"}

POST /api/Movimientos -> 201
RespBody: {"idMovimiento":904,"idHogar":1,"idUsuario":1,"idCategoria":1,"monto":328.5,"fecha":"2026-01-01T15:04:00.0000000Z","tipo":"Gasto","descripcion":"Mov 904","origenEmisora":"Banco Perf"}

POST /api/Movimientos -> 201
RespBody: {"idMovimiento":905,"idHogar":1,"idUsuario":1,"idCategoria":2,"monto":335.5,"fecha":"2026-01-01T15:05:00.0000000Z","tipo":"Ingreso","descripcion":"Mov 905","origenEmisora":"Banco Perf"}

POST /api/Movimientos -> 201
RespBody: {"idMovimiento":906,"idHogar":1,"idUsuario":1,"idCategoria":1,"monto":342.5,"fecha":"2026-01-01T15:06:00.0000000Z","tipo":"Gasto","descripcion":"Mov 906","origenEmisora":"Banco Perf"}

POST /api/Movimientos -> 201
RespBody: {"idMovimiento":907,"idHogar":1,"idUsuario":1,"idCategoria":2,"monto":349.5,"fecha":"2026-01-01T15:07:00.0000000Z","tipo":"Ingreso","descripcion":"Mov 907","origenEmisora":"Banco Perf"}

POST /api/Movimientos -> 201
RespBody: {"idMovimiento":908,"idHogar":1,"idUsuario":1,"idCategoria":1,"monto":356.5,"fecha":"2026-01-01T15:08:00.0000000Z","tipo":"Gasto","descripcion":"Mov 908","origenEmisora":"Banco Perf"}

POST /api/Movimientos -> 201
RespBody: {"idMovimiento":909,"idHogar":1,"idUsuario":1,"idCategoria":2,"monto":363.5,"fecha":"2026-01-01T15:09:00.0000000Z","tipo":"Ingreso","descripcion":"Mov 909","origenEmisora":"Banco Perf"}

POST /api/Movimientos -> 201
RespBody: {"idMovimiento":910,"idHogar":1,"idUsuario":1,"idCategoria":1,"monto":370.5,"fecha":"2026-01-01T15:10:00.0000000Z","tipo":"Gasto","descripcion":"Mov 910","origenEmisora":"Banco Perf"}

POST /api/Movimientos -> 201
RespBody: {"idMovimiento":911,"idHogar":1,"idUsuario":1,"idCategoria":2,"monto":377.5,"fecha":"2026-01-01T15:11:00.0000000Z","tipo":"Ingreso","descripcion":"Mov 911","origenEmisora":"Banco Perf"}

POST /api/Movimientos -> 201
RespBody: {"idMovimiento":912,"idHogar":1,"idUsuario":1,"idCategoria":1,"monto":384.5,"fecha":"2026-01-01T15:12:00.0000000Z","tipo":"Gasto","descripcion":"Mov 912","origenEmisora":"Banco Perf"}

POST /api/Movimientos -> 201
RespBody: {"idMovimiento":913,"idHogar":1,"idUsuario":1,"idCategoria":2,"monto":391.5,"fecha":"2026-01-01T15:13:00.0000000Z","tipo":"Ingreso","descripcion":"Mov 913","origenEmisora":"Banco Perf"}

POST /api/Movimientos -> 201
RespBody: {"idMovimiento":914,"idHogar":1,"idUsuario":1,"idCategoria":1,"monto":398.5,"fecha":"2026-01-01T15:14:00.0000000Z","tipo":"Gasto","descripcion":"Mov 914","origenEmisora":"Banco Perf"}

POST /api/Movimientos -> 201
RespBody: {"idMovimiento":915,"idHogar":1,"idUsuario":1,"idCategoria":2,"monto":405.5,"fecha":"2026-01-01T15:15:00.0000000Z","tipo":"Ingreso","descripcion":"Mov 915","origenEmisora":"Banco Perf"}

POST /api/Movimientos -> 201
RespBody: {"idMovimiento":916,"idHogar":1,"idUsuario":1,"idCategoria":1,"monto":412.5,"fecha":"2026-01-01T15:16:00.0000000Z","tipo":"Gasto","descripcion":"Mov 916","origenEmisora":"Banco Perf"}

POST /api/Movimientos -> 201
RespBody: {"idMovimiento":917,"idHogar":1,"idUsuario":1,"idCategoria":2,"monto":419.5,"fecha":"2026-01-01T15:17:00.0000000Z","tipo":"Ingreso","descripcion":"Mov 917","origenEmisora":"Banco Perf"}

POST /api/Movimientos -> 201
RespBody: {"idMovimiento":918,"idHogar":1,"idUsuario":1,"idCategoria":1,"monto":426.5,"fecha":"2026-01-01T15:18:00.0000000Z","tipo":"Gasto","descripcion":"Mov 918","origenEmisora":"Banco Perf"}

POST /api/Movimientos -> 201
RespBody: {"idMovimiento":919,"idHogar":1,"idUsuario":1,"idCategoria":2,"monto":433.5,"fecha":"2026-01-01T15:19:00.0000000Z","tipo":"Ingreso","descripcion":"Mov 919","origenEmisora":"Banco Perf"}

POST /api/Movimientos -> 201
RespBody: {"idMovimiento":920,"idHogar":1,"idUsuario":1,"idCategoria":1,"monto":440.5,"fecha":"2026-01-01T15:20:00.0000000Z","tipo":"Gasto","descripcion":"Mov 920","origenEmisora":"Banco Perf"}

POST /api/Movimientos -> 201
RespBody: {"idMovimiento":921,"idHogar":1,"idUsuario":1,"idCategoria":2,"monto":447.5,"fecha":"2026-01-01T15:21:00.0000000Z","tipo":"Ingreso","descripcion":"Mov 921","origenEmisora":"Banco Perf"}

POST /api/Movimientos -> 201
RespBody: {"idMovimiento":922,"idHogar":1,"idUsuario":1,"idCategoria":1,"monto":454.5,"fecha":"2026-01-01T15:22:00.0000000Z","tipo":"Gasto","descripcion":"Mov 922","origenEmisora":"Banco Perf"}

POST /api/Movimientos -> 201
RespBody: {"idMovimiento":923,"idHogar":1,"idUsuario":1,"idCategoria":2,"monto":461.5,"fecha":"2026-01-01T15:23:00.0000000Z","tipo":"Ingreso","descripcion":"Mov 923","origenEmisora":"Banco Perf"}

POST /api/Movimientos -> 201
RespBody: {"idMovimiento":924,"idHogar":1,"idUsuario":1,"idCategoria":1,"monto":468.5,"fecha":"2026-01-01T15:24:00.0000000Z","tipo":"Gasto","descripcion":"Mov 924","origenEmisora":"Banco Perf"}

POST /api/Movimientos -> 201
RespBody: {"idMovimiento":925,"idHogar":1,"idUsuario":1,"idCategoria":2,"monto":475.5,"fecha":"2026-01-01T15:25:00.0000000Z","tipo":"Ingreso","descripcion":"Mov 925","origenEmisora":"Banco Perf"}

POST /api/Movimientos -> 201
RespBody: {"idMovimiento":926,"idHogar":1,"idUsuario":1,"idCategoria":1,"monto":482.5,"fecha":"2026-01-01T15:26:00.0000000Z","tipo":"Gasto","descripcion":"Mov 926","origenEmisora":"Banco Perf"}

POST /api/Movimientos -> 201
RespBody: {"idMovimiento":927,"idHogar":1,"idUsuario":1,"idCategoria":2,"monto":489.5,"fecha":"2026-01-01T15:27:00.0000000Z","tipo":"Ingreso","descripcion":"Mov 927","origenEmisora":"Banco Perf"}

POST /api/Movimientos -> 201
RespBody: {"idMovimiento":928,"idHogar":1,"idUsuario":1,"idCategoria":1,"monto":496.5,"fecha":"2026-01-01T15:28:00.0000000Z","tipo":"Gasto","descripcion":"Mov 928","origenEmisora":"Banco Perf"}

POST /api/Movimientos -> 201
RespBody: {"idMovimiento":929,"idHogar":1,"idUsuario":1,"idCategoria":2,"monto":503.5,"fecha":"2026-01-01T15:29:00.0000000Z","tipo":"Ingreso","descripcion":"Mov 929","origenEmisora":"Banco Perf"}

POST /api/Movimientos -> 201
RespBody: {"idMovimiento":930,"idHogar":1,"idUsuario":1,"idCategoria":1,"monto":510.5,"fecha":"2026-01-01T15:30:00.0000000Z","tipo":"Gasto","descripcion":"Mov 930","origenEmisora":"Banco Perf"}

POST /api/Movimientos -> 201
RespBody: {"idMovimiento":931,"idHogar":1,"idUsuario":1,"idCategoria":2,"monto":517.5,"fecha":"2026-01-01T15:31:00.0000000Z","tipo":"Ingreso","descripcion":"Mov 931","origenEmisora":"Banco Perf"}

POST /api/Movimientos -> 201
RespBody: {"idMovimiento":932,"idHogar":1,"idUsuario":1,"idCategoria":1,"monto":524.5,"fecha":"2026-01-01T15:32:00.0000000Z","tipo":"Gasto","descripcion":"Mov 932","origenEmisora":"Banco Perf"}

POST /api/Movimientos -> 201
RespBody: {"idMovimiento":933,"idHogar":1,"idUsuario":1,"idCategoria":2,"monto":531.5,"fecha":"2026-01-01T15:33:00.0000000Z","tipo":"Ingreso","descripcion":"Mov 933","origenEmisora":"Banco Perf"}

POST /api/Movimientos -> 201
RespBody: {"idMovimiento":934,"idHogar":1,"idUsuario":1,"idCategoria":1,"monto":538.5,"fecha":"2026-01-01T15:34:00.0000000Z","tipo":"Gasto","descripcion":"Mov 934","origenEmisora":"Banco Perf"}

POST /api/Movimientos -> 201
RespBody: {"idMovimiento":935,"idHogar":1,"idUsuario":1,"idCategoria":2,"monto":545.5,"fecha":"2026-01-01T15:35:00.0000000Z","tipo":"Ingreso","descripcion":"Mov 935","origenEmisora":"Banco Perf"}

POST /api/Movimientos -> 201
RespBody: {"idMovimiento":936,"idHogar":1,"idUsuario":1,"idCategoria":1,"monto":552.5,"fecha":"2026-01-01T15:36:00.0000000Z","tipo":"Gasto","descripcion":"Mov 936","origenEmisora":"Banco Perf"}

POST /api/Movimientos -> 201
RespBody: {"idMovimiento":937,"idHogar":1,"idUsuario":1,"idCategoria":2,"monto":559.5,"fecha":"2026-01-01T15:37:00.0000000Z","tipo":"Ingreso","descripcion":"Mov 937","origenEmisora":"Banco Perf"}

POST /api/Movimientos -> 201
RespBody: {"idMovimiento":938,"idHogar":1,"idUsuario":1,"idCategoria":1,"monto":566.5,"fecha":"2026-01-01T15:38:00.0000000Z","tipo":"Gasto","descripcion":"Mov 938","origenEmisora":"Banco Perf"}

POST /api/Movimientos -> 201
RespBody: {"idMovimiento":939,"idHogar":1,"idUsuario":1,"idCategoria":2,"monto":573.5,"fecha":"2026-01-01T15:39:00.0000000Z","tipo":"Ingreso","descripcion":"Mov 939","origenEmisora":"Banco Perf"}

POST /api/Movimientos -> 201
RespBody: {"idMovimiento":940,"idHogar":1,"idUsuario":1,"idCategoria":1,"monto":580.5,"fecha":"2026-01-01T15:40:00.0000000Z","tipo":"Gasto","descripcion":"Mov 940","origenEmisora":"Banco Perf"}

POST /api/Movimientos -> 201
RespBody: {"idMovimiento":941,"idHogar":1,"idUsuario":1,"idCategoria":2,"monto":587.5,"fecha":"2026-01-01T15:41:00.0000000Z","tipo":"Ingreso","descripcion":"Mov 941","origenEmisora":"Banco Perf"}

POST /api/Movimientos -> 201
RespBody: {"idMovimiento":942,"idHogar":1,"idUsuario":1,"idCategoria":1,"monto":594.5,"fecha":"2026-01-01T15:42:00.0000000Z","tipo":"Gasto","descripcion":"Mov 942","origenEmisora":"Banco Perf"}

POST /api/Movimientos -> 201
RespBody: {"idMovimiento":943,"idHogar":1,"idUsuario":1,"idCategoria":2,"monto":601.5,"fecha":"2026-01-01T15:43:00.0000000Z","tipo":"Ingreso","descripcion":"Mov 943","origenEmisora":"Banco Perf"}

POST /api/Movimientos -> 201
RespBody: {"idMovimiento":944,"idHogar":1,"idUsuario":1,"idCategoria":1,"monto":608.5,"fecha":"2026-01-01T15:44:00.0000000Z","tipo":"Gasto","descripcion":"Mov 944","origenEmisora":"Banco Perf"}

POST /api/Movimientos -> 201
RespBody: {"idMovimiento":945,"idHogar":1,"idUsuario":1,"idCategoria":2,"monto":615.5,"fecha":"2026-01-01T15:45:00.0000000Z","tipo":"Ingreso","descripcion":"Mov 945","origenEmisora":"Banco Perf"}

POST /api/Movimientos -> 201
RespBody: {"idMovimiento":946,"idHogar":1,"idUsuario":1,"idCategoria":1,"monto":622.5,"fecha":"2026-01-01T15:46:00.0000000Z","tipo":"Gasto","descripcion":"Mov 946","origenEmisora":"Banco Perf"}

POST /api/Movimientos -> 201
RespBody: {"idMovimiento":947,"idHogar":1,"idUsuario":1,"idCategoria":2,"monto":629.5,"fecha":"2026-01-01T15:47:00.0000000Z","tipo":"Ingreso","descripcion":"Mov 947","origenEmisora":"Banco Perf"}

POST /api/Movimientos -> 201
RespBody: {"idMovimiento":948,"idHogar":1,"idUsuario":1,"idCategoria":1,"monto":636.5,"fecha":"2026-01-01T15:48:00.0000000Z","tipo":"Gasto","descripcion":"Mov 948","origenEmisora":"Banco Perf"}

POST /api/Movimientos -> 201
RespBody: {"idMovimiento":949,"idHogar":1,"idUsuario":1,"idCategoria":2,"monto":643.5,"fecha":"2026-01-01T15:49:00.0000000Z","tipo":"Ingreso","descripcion":"Mov 949","origenEmisora":"Banco Perf"}

POST /api/Movimientos -> 201
RespBody: {"idMovimiento":950,"idHogar":1,"idUsuario":1,"idCategoria":1,"monto":650.5,"fecha":"2026-01-01T15:50:00.0000000Z","tipo":"Gasto","descripcion":"Mov 950","origenEmisora":"Banco Perf"}

POST /api/Movimientos -> 201
RespBody: {"idMovimiento":951,"idHogar":1,"idUsuario":1,"idCategoria":2,"monto":657.5,"fecha":"2026-01-01T15:51:00.0000000Z","tipo":"Ingreso","descripcion":"Mov 951","origenEmisora":"Banco Perf"}

POST /api/Movimientos -> 201
RespBody: {"idMovimiento":952,"idHogar":1,"idUsuario":1,"idCategoria":1,"monto":664.5,"fecha":"2026-01-01T15:52:00.0000000Z","tipo":"Gasto","descripcion":"Mov 952","origenEmisora":"Banco Perf"}

POST /api/Movimientos -> 201
RespBody: {"idMovimiento":953,"idHogar":1,"idUsuario":1,"idCategoria":2,"monto":671.5,"fecha":"2026-01-01T15:53:00.0000000Z","tipo":"Ingreso","descripcion":"Mov 953","origenEmisora":"Banco Perf"}

POST /api/Movimientos -> 201
RespBody: {"idMovimiento":954,"idHogar":1,"idUsuario":1,"idCategoria":1,"monto":678.5,"fecha":"2026-01-01T15:54:00.0000000Z","tipo":"Gasto","descripcion":"Mov 954","origenEmisora":"Banco Perf"}

POST /api/Movimientos -> 201
RespBody: {"idMovimiento":955,"idHogar":1,"idUsuario":1,"idCategoria":2,"monto":685.5,"fecha":"2026-01-01T15:55:00.0000000Z","tipo":"Ingreso","descripcion":"Mov 955","origenEmisora":"Banco Perf"}

POST /api/Movimientos -> 201
RespBody: {"idMovimiento":956,"idHogar":1,"idUsuario":1,"idCategoria":1,"monto":692.5,"fecha":"2026-01-01T15:56:00.0000000Z","tipo":"Gasto","descripcion":"Mov 956","origenEmisora":"Banco Perf"}

POST /api/Movimientos -> 201
RespBody: {"idMovimiento":957,"idHogar":1,"idUsuario":1,"idCategoria":2,"monto":699.5,"fecha":"2026-01-01T15:57:00.0000000Z","tipo":"Ingreso","descripcion":"Mov 957","origenEmisora":"Banco Perf"}

POST /api/Movimientos -> 201
RespBody: {"idMovimiento":958,"idHogar":1,"idUsuario":1,"idCategoria":1,"monto":706.5,"fecha":"2026-01-01T15:58:00.0000000Z","tipo":"Gasto","descripcion":"Mov 958","origenEmisora":"Banco Perf"}

POST /api/Movimientos -> 201
RespBody: {"idMovimiento":959,"idHogar":1,"idUsuario":1,"idCategoria":2,"monto":713.5,"fecha":"2026-01-01T15:59:00.0000000Z","tipo":"Ingreso","descripcion":"Mov 959","origenEmisora":"Banco Perf"}

POST /api/Movimientos -> 201
RespBody: {"idMovimiento":960,"idHogar":1,"idUsuario":1,"idCategoria":1,"monto":720.5,"fecha":"2026-01-01T16:00:00.0000000Z","tipo":"Gasto","descripcion":"Mov 960","origenEmisora":"Banco Perf"}

POST /api/Movimientos -> 201
RespBody: {"idMovimiento":961,"idHogar":1,"idUsuario":1,"idCategoria":2,"monto":727.5,"fecha":"2026-01-01T16:01:00.0000000Z","tipo":"Ingreso","descripcion":"Mov 961","origenEmisora":"Banco Perf"}

POST /api/Movimientos -> 201
RespBody: {"idMovimiento":962,"idHogar":1,"idUsuario":1,"idCategoria":1,"monto":734.5,"fecha":"2026-01-01T16:02:00.0000000Z","tipo":"Gasto","descripcion":"Mov 962","origenEmisora":"Banco Perf"}

POST /api/Movimientos -> 201
RespBody: {"idMovimiento":963,"idHogar":1,"idUsuario":1,"idCategoria":2,"monto":741.5,"fecha":"2026-01-01T16:03:00.0000000Z","tipo":"Ingreso","descripcion":"Mov 963","origenEmisora":"Banco Perf"}

POST /api/Movimientos -> 201
RespBody: {"idMovimiento":964,"idHogar":1,"idUsuario":1,"idCategoria":1,"monto":748.5,"fecha":"2026-01-01T16:04:00.0000000Z","tipo":"Gasto","descripcion":"Mov 964","origenEmisora":"Banco Perf"}

POST /api/Movimientos -> 201
RespBody: {"idMovimiento":965,"idHogar":1,"idUsuario":1,"idCategoria":2,"monto":755.5,"fecha":"2026-01-01T16:05:00.0000000Z","tipo":"Ingreso","descripcion":"Mov 965","origenEmisora":"Banco Perf"}

POST /api/Movimientos -> 201
RespBody: {"idMovimiento":966,"idHogar":1,"idUsuario":1,"idCategoria":1,"monto":762.5,"fecha":"2026-01-01T16:06:00.0000000Z","tipo":"Gasto","descripcion":"Mov 966","origenEmisora":"Banco Perf"}

POST /api/Movimientos -> 201
RespBody: {"idMovimiento":967,"idHogar":1,"idUsuario":1,"idCategoria":2,"monto":769.5,"fecha":"2026-01-01T16:07:00.0000000Z","tipo":"Ingreso","descripcion":"Mov 967","origenEmisora":"Banco Perf"}

POST /api/Movimientos -> 201
RespBody: {"idMovimiento":968,"idHogar":1,"idUsuario":1,"idCategoria":1,"monto":776.5,"fecha":"2026-01-01T16:08:00.0000000Z","tipo":"Gasto","descripcion":"Mov 968","origenEmisora":"Banco Perf"}

POST /api/Movimientos -> 201
RespBody: {"idMovimiento":969,"idHogar":1,"idUsuario":1,"idCategoria":2,"monto":783.5,"fecha":"2026-01-01T16:09:00.0000000Z","tipo":"Ingreso","descripcion":"Mov 969","origenEmisora":"Banco Perf"}

POST /api/Movimientos -> 201
RespBody: {"idMovimiento":970,"idHogar":1,"idUsuario":1,"idCategoria":1,"monto":790.5,"fecha":"2026-01-01T16:10:00.0000000Z","tipo":"Gasto","descripcion":"Mov 970","origenEmisora":"Banco Perf"}

POST /api/Movimientos -> 201
RespBody: {"idMovimiento":971,"idHogar":1,"idUsuario":1,"idCategoria":2,"monto":797.5,"fecha":"2026-01-01T16:11:00.0000000Z","tipo":"Ingreso","descripcion":"Mov 971","origenEmisora":"Banco Perf"}

POST /api/Movimientos -> 201
RespBody: {"idMovimiento":972,"idHogar":1,"idUsuario":1,"idCategoria":1,"monto":804.5,"fecha":"2026-01-01T16:12:00.0000000Z","tipo":"Gasto","descripcion":"Mov 972","origenEmisora":"Banco Perf"}

POST /api/Movimientos -> 201
RespBody: {"idMovimiento":973,"idHogar":1,"idUsuario":1,"idCategoria":2,"monto":811.5,"fecha":"2026-01-01T16:13:00.0000000Z","tipo":"Ingreso","descripcion":"Mov 973","origenEmisora":"Banco Perf"}

POST /api/Movimientos -> 201
RespBody: {"idMovimiento":974,"idHogar":1,"idUsuario":1,"idCategoria":1,"monto":818.5,"fecha":"2026-01-01T16:14:00.0000000Z","tipo":"Gasto","descripcion":"Mov 974","origenEmisora":"Banco Perf"}

POST /api/Movimientos -> 201
RespBody: {"idMovimiento":975,"idHogar":1,"idUsuario":1,"idCategoria":2,"monto":825.5,"fecha":"2026-01-01T16:15:00.0000000Z","tipo":"Ingreso","descripcion":"Mov 975","origenEmisora":"Banco Perf"}

POST /api/Movimientos -> 201
RespBody: {"idMovimiento":976,"idHogar":1,"idUsuario":1,"idCategoria":1,"monto":832.5,"fecha":"2026-01-01T16:16:00.0000000Z","tipo":"Gasto","descripcion":"Mov 976","origenEmisora":"Banco Perf"}

POST /api/Movimientos -> 201
RespBody: {"idMovimiento":977,"idHogar":1,"idUsuario":1,"idCategoria":2,"monto":839.5,"fecha":"2026-01-01T16:17:00.0000000Z","tipo":"Ingreso","descripcion":"Mov 977","origenEmisora":"Banco Perf"}

POST /api/Movimientos -> 201
RespBody: {"idMovimiento":978,"idHogar":1,"idUsuario":1,"idCategoria":1,"monto":846.5,"fecha":"2026-01-01T16:18:00.0000000Z","tipo":"Gasto","descripcion":"Mov 978","origenEmisora":"Banco Perf"}

POST /api/Movimientos -> 201
RespBody: {"idMovimiento":979,"idHogar":1,"idUsuario":1,"idCategoria":2,"monto":853.5,"fecha":"2026-01-01T16:19:00.0000000Z","tipo":"Ingreso","descripcion":"Mov 979","origenEmisora":"Banco Perf"}

POST /api/Movimientos -> 201
RespBody: {"idMovimiento":980,"idHogar":1,"idUsuario":1,"idCategoria":1,"monto":860.5,"fecha":"2026-01-01T16:20:00.0000000Z","tipo":"Gasto","descripcion":"Mov 980","origenEmisora":"Banco Perf"}

POST /api/Movimientos -> 201
RespBody: {"idMovimiento":981,"idHogar":1,"idUsuario":1,"idCategoria":2,"monto":867.5,"fecha":"2026-01-01T16:21:00.0000000Z","tipo":"Ingreso","descripcion":"Mov 981","origenEmisora":"Banco Perf"}

POST /api/Movimientos -> 201
RespBody: {"idMovimiento":982,"idHogar":1,"idUsuario":1,"idCategoria":1,"monto":874.5,"fecha":"2026-01-01T16:22:00.0000000Z","tipo":"Gasto","descripcion":"Mov 982","origenEmisora":"Banco Perf"}

POST /api/Movimientos -> 201
RespBody: {"idMovimiento":983,"idHogar":1,"idUsuario":1,"idCategoria":2,"monto":881.5,"fecha":"2026-01-01T16:23:00.0000000Z","tipo":"Ingreso","descripcion":"Mov 983","origenEmisora":"Banco Perf"}

POST /api/Movimientos -> 201
RespBody: {"idMovimiento":984,"idHogar":1,"idUsuario":1,"idCategoria":1,"monto":888.5,"fecha":"2026-01-01T16:24:00.0000000Z","tipo":"Gasto","descripcion":"Mov 984","origenEmisora":"Banco Perf"}

POST /api/Movimientos -> 201
RespBody: {"idMovimiento":985,"idHogar":1,"idUsuario":1,"idCategoria":2,"monto":895.5,"fecha":"2026-01-01T16:25:00.0000000Z","tipo":"Ingreso","descripcion":"Mov 985","origenEmisora":"Banco Perf"}

POST /api/Movimientos -> 201
RespBody: {"idMovimiento":986,"idHogar":1,"idUsuario":1,"idCategoria":1,"monto":902.5,"fecha":"2026-01-01T16:26:00.0000000Z","tipo":"Gasto","descripcion":"Mov 986","origenEmisora":"Banco Perf"}

POST /api/Movimientos -> 201
RespBody: {"idMovimiento":987,"idHogar":1,"idUsuario":1,"idCategoria":2,"monto":909.5,"fecha":"2026-01-01T16:27:00.0000000Z","tipo":"Ingreso","descripcion":"Mov 987","origenEmisora":"Banco Perf"}

POST /api/Movimientos -> 201
RespBody: {"idMovimiento":988,"idHogar":1,"idUsuario":1,"idCategoria":1,"monto":916.5,"fecha":"2026-01-01T16:28:00.0000000Z","tipo":"Gasto","descripcion":"Mov 988","origenEmisora":"Banco Perf"}

POST /api/Movimientos -> 201
RespBody: {"idMovimiento":989,"idHogar":1,"idUsuario":1,"idCategoria":2,"monto":923.5,"fecha":"2026-01-01T16:29:00.0000000Z","tipo":"Ingreso","descripcion":"Mov 989","origenEmisora":"Banco Perf"}

POST /api/Movimientos -> 201
RespBody: {"idMovimiento":990,"idHogar":1,"idUsuario":1,"idCategoria":1,"monto":930.5,"fecha":"2026-01-01T16:30:00.0000000Z","tipo":"Gasto","descripcion":"Mov 990","origenEmisora":"Banco Perf"}

POST /api/Movimientos -> 201
RespBody: {"idMovimiento":991,"idHogar":1,"idUsuario":1,"idCategoria":2,"monto":937.5,"fecha":"2026-01-01T16:31:00.0000000Z","tipo":"Ingreso","descripcion":"Mov 991","origenEmisora":"Banco Perf"}

POST /api/Movimientos -> 201
RespBody: {"idMovimiento":992,"idHogar":1,"idUsuario":1,"idCategoria":1,"monto":944.5,"fecha":"2026-01-01T16:32:00.0000000Z","tipo":"Gasto","descripcion":"Mov 992","origenEmisora":"Banco Perf"}

POST /api/Movimientos -> 201
RespBody: {"idMovimiento":993,"idHogar":1,"idUsuario":1,"idCategoria":2,"monto":951.5,"fecha":"2026-01-01T16:33:00.0000000Z","tipo":"Ingreso","descripcion":"Mov 993","origenEmisora":"Banco Perf"}

POST /api/Movimientos -> 201
RespBody: {"idMovimiento":994,"idHogar":1,"idUsuario":1,"idCategoria":1,"monto":958.5,"fecha":"2026-01-01T16:34:00.0000000Z","tipo":"Gasto","descripcion":"Mov 994","origenEmisora":"Banco Perf"}

POST /api/Movimientos -> 201
RespBody: {"idMovimiento":995,"idHogar":1,"idUsuario":1,"idCategoria":2,"monto":965.5,"fecha":"2026-01-01T16:35:00.0000000Z","tipo":"Ingreso","descripcion":"Mov 995","origenEmisora":"Banco Perf"}

POST /api/Movimientos -> 201
RespBody: {"idMovimiento":996,"idHogar":1,"idUsuario":1,"idCategoria":1,"monto":972.5,"fecha":"2026-01-01T16:36:00.0000000Z","tipo":"Gasto","descripcion":"Mov 996","origenEmisora":"Banco Perf"}

POST /api/Movimientos -> 201
RespBody: {"idMovimiento":997,"idHogar":1,"idUsuario":1,"idCategoria":2,"monto":979.5,"fecha":"2026-01-01T16:37:00.0000000Z","tipo":"Ingreso","descripcion":"Mov 997","origenEmisora":"Banco Perf"}

POST /api/Movimientos -> 201
RespBody: {"idMovimiento":998,"idHogar":1,"idUsuario":1,"idCategoria":1,"monto":986.5,"fecha":"2026-01-01T16:38:00.0000000Z","tipo":"Gasto","descripcion":"Mov 998","origenEmisora":"Banco Perf"}

POST /api/Movimientos -> 201
RespBody: {"idMovimiento":999,"idHogar":1,"idUsuario":1,"idCategoria":2,"monto":993.5,"fecha":"2026-01-01T16:39:00.0000000Z","tipo":"Ingreso","descripcion":"Mov 999","origenEmisora":"Banco Perf"}

POST /api/Movimientos -> 201
RespBody: {"idMovimiento":1000,"idHogar":1,"idUsuario":1,"idCategoria":1,"monto":0.5,"fecha":"2026-01-01T16:40:00.0000000Z","tipo":"Gasto","descripcion":"Mov 1000","origenEmisora":"Banco Perf"}

GET /api/Movimientos -> 200
RespBody: [{"idMovimiento":1000,"idHogar":1,"idUsuario":1,"idCategoria":1,"monto":0.50,"fecha":"2026-01-01T16:40:00.0000000Z","tipo":"Gasto","descripcion":"Mov 1000","origenEmisora":"Banco Perf"},{"idMovimiento":999,"idHogar":1,"idUsuario":1,"idCategoria":2,"monto":993.50,"fecha":"2026-01-01T16:39:00.0000000Z

GET /api/Movimientos -> 200
RespBody: [{"idMovimiento":1000,"idHogar":1,"idUsuario":1,"idCategoria":1,"monto":0.50,"fecha":"2026-01-01T16:40:00.0000000Z","tipo":"Gasto","descripcion":"Mov 1000","origenEmisora":"Banco Perf"},{"idMovimiento":999,"idHogar":1,"idUsuario":1,"idCategoria":2,"monto":993.50,"fecha":"2026-01-01T16:39:00.0000000Z

GET /api/Movimientos -> 200
RespBody: [{"idMovimiento":1000,"idHogar":1,"idUsuario":1,"idCategoria":1,"monto":0.50,"fecha":"2026-01-01T16:40:00.0000000Z","tipo":"Gasto","descripcion":"Mov 1000","origenEmisora":"Banco Perf"},{"idMovimiento":999,"idHogar":1,"idUsuario":1,"idCategoria":2,"monto":993.50,"fecha":"2026-01-01T16:39:00.0000000Z

GET /api/Movimientos -> 200
RespBody: [{"idMovimiento":1000,"idHogar":1,"idUsuario":1,"idCategoria":1,"monto":0.50,"fecha":"2026-01-01T16:40:00.0000000Z","tipo":"Gasto","descripcion":"Mov 1000","origenEmisora":"Banco Perf"},{"idMovimiento":999,"idHogar":1,"idUsuario":1,"idCategoria":2,"monto":993.50,"fecha":"2026-01-01T16:39:00.0000000Z

GET /api/Movimientos -> 200
RespBody: [{"idMovimiento":1000,"idHogar":1,"idUsuario":1,"idCategoria":1,"monto":0.50,"fecha":"2026-01-01T16:40:00.0000000Z","tipo":"Gasto","descripcion":"Mov 1000","origenEmisora":"Banco Perf"},{"idMovimiento":999,"idHogar":1,"idUsuario":1,"idCategoria":2,"monto":993.50,"fecha":"2026-01-01T16:39:00.0000000Z

GET /api/Movimientos?categoriaId=1&tipo=Gasto -> 200
RespBody: [{"idMovimiento":1000,"idHogar":1,"idUsuario":1,"idCategoria":1,"monto":0.50,"fecha":"2026-01-01T16:40:00.0000000Z","tipo":"Gasto","descripcion":"Mov 1000","origenEmisora":"Banco Perf"},{"idMovimiento":998,"idHogar":1,"idUsuario":1,"idCategoria":1,"monto":986.50,"fecha":"2026-01-01T16:38:00.0000000Z

GET /api/Movimientos?categoriaId=1&tipo=Gasto -> 200
RespBody: [{"idMovimiento":1000,"idHogar":1,"idUsuario":1,"idCategoria":1,"monto":0.50,"fecha":"2026-01-01T16:40:00.0000000Z","tipo":"Gasto","descripcion":"Mov 1000","origenEmisora":"Banco Perf"},{"idMovimiento":998,"idHogar":1,"idUsuario":1,"idCategoria":1,"monto":986.50,"fecha":"2026-01-01T16:38:00.0000000Z

GET /api/Movimientos?categoriaId=1&tipo=Gasto -> 200
RespBody: [{"idMovimiento":1000,"idHogar":1,"idUsuario":1,"idCategoria":1,"monto":0.50,"fecha":"2026-01-01T16:40:00.0000000Z","tipo":"Gasto","descripcion":"Mov 1000","origenEmisora":"Banco Perf"},{"idMovimiento":998,"idHogar":1,"idUsuario":1,"idCategoria":1,"monto":986.50,"fecha":"2026-01-01T16:38:00.0000000Z

GET /api/Movimientos?categoriaId=1&tipo=Gasto -> 200
RespBody: [{"idMovimiento":1000,"idHogar":1,"idUsuario":1,"idCategoria":1,"monto":0.50,"fecha":"2026-01-01T16:40:00.0000000Z","tipo":"Gasto","descripcion":"Mov 1000","origenEmisora":"Banco Perf"},{"idMovimiento":998,"idHogar":1,"idUsuario":1,"idCategoria":1,"monto":986.50,"fecha":"2026-01-01T16:38:00.0000000Z

GET /api/Movimientos?categoriaId=1&tipo=Gasto -> 200
RespBody: [{"idMovimiento":1000,"idHogar":1,"idUsuario":1,"idCategoria":1,"monto":0.50,"fecha":"2026-01-01T16:40:00.0000000Z","tipo":"Gasto","descripcion":"Mov 1000","origenEmisora":"Banco Perf"},{"idMovimiento":998,"idHogar":1,"idUsuario":1,"idCategoria":1,"monto":986.50,"fecha":"2026-01-01T16:38:00.0000000Z

GET /api/Presupuestos?anio=2026&mes=9 -> 200
RespBody: [{"idPresupuesto":1,"idHogar":1,"idCategoria":1,"montoLimite":100.00,"mesAnio":"2026-09-01T00:00:00.0000000Z"},{"idPresupuesto":10,"idHogar":1,"idCategoria":10,"montoLimite":109.00,"mesAnio":"2026-09-01T00:00:00.0000000Z"},{"idPresupuesto":22,"idHogar":1,"idCategoria":22,"montoLimite":121.00,"mesAni

GET /api/Presupuestos?anio=2026&mes=9 -> 200
RespBody: [{"idPresupuesto":1,"idHogar":1,"idCategoria":1,"montoLimite":100.00,"mesAnio":"2026-09-01T00:00:00.0000000Z"},{"idPresupuesto":10,"idHogar":1,"idCategoria":10,"montoLimite":109.00,"mesAnio":"2026-09-01T00:00:00.0000000Z"},{"idPresupuesto":22,"idHogar":1,"idCategoria":22,"montoLimite":121.00,"mesAni

GET /api/Presupuestos?anio=2026&mes=9 -> 200
RespBody: [{"idPresupuesto":1,"idHogar":1,"idCategoria":1,"montoLimite":100.00,"mesAnio":"2026-09-01T00:00:00.0000000Z"},{"idPresupuesto":10,"idHogar":1,"idCategoria":10,"montoLimite":109.00,"mesAnio":"2026-09-01T00:00:00.0000000Z"},{"idPresupuesto":22,"idHogar":1,"idCategoria":22,"montoLimite":121.00,"mesAni

GET /api/Presupuestos?anio=2026&mes=9 -> 200
RespBody: [{"idPresupuesto":1,"idHogar":1,"idCategoria":1,"montoLimite":100.00,"mesAnio":"2026-09-01T00:00:00.0000000Z"},{"idPresupuesto":10,"idHogar":1,"idCategoria":10,"montoLimite":109.00,"mesAnio":"2026-09-01T00:00:00.0000000Z"},{"idPresupuesto":22,"idHogar":1,"idCategoria":22,"montoLimite":121.00,"mesAni

GET /api/Presupuestos?anio=2026&mes=9 -> 200
RespBody: [{"idPresupuesto":1,"idHogar":1,"idCategoria":1,"montoLimite":100.00,"mesAnio":"2026-09-01T00:00:00.0000000Z"},{"idPresupuesto":10,"idHogar":1,"idCategoria":10,"montoLimite":109.00,"mesAnio":"2026-09-01T00:00:00.0000000Z"},{"idPresupuesto":22,"idHogar":1,"idCategoria":22,"montoLimite":121.00,"mesAni

GET /api/Categorias -> 200
RespBody: [{"idCategoria":1,"idHogar":1,"nombre":"Categoria 1","tipo":"Ingreso","icono":"icono1"},{"idCategoria":10,"idHogar":1,"nombre":"Categoria 10","tipo":"Gasto","icono":"icono10"},{"idCategoria":11,"idHogar":1,"nombre":"Categoria 11","tipo":"Ingreso","icono":"icono11"},{"idCategoria":12,"idHogar":1,"nom

GET /api/Categorias -> 200
RespBody: [{"idCategoria":1,"idHogar":1,"nombre":"Categoria 1","tipo":"Ingreso","icono":"icono1"},{"idCategoria":10,"idHogar":1,"nombre":"Categoria 10","tipo":"Gasto","icono":"icono10"},{"idCategoria":11,"idHogar":1,"nombre":"Categoria 11","tipo":"Ingreso","icono":"icono11"},{"idCategoria":12,"idHogar":1,"nom

GET /api/Categorias -> 200
RespBody: [{"idCategoria":1,"idHogar":1,"nombre":"Categoria 1","tipo":"Ingreso","icono":"icono1"},{"idCategoria":10,"idHogar":1,"nombre":"Categoria 10","tipo":"Gasto","icono":"icono10"},{"idCategoria":11,"idHogar":1,"nombre":"Categoria 11","tipo":"Ingreso","icono":"icono11"},{"idCategoria":12,"idHogar":1,"nom

GET /api/Categorias -> 200
RespBody: [{"idCategoria":1,"idHogar":1,"nombre":"Categoria 1","tipo":"Ingreso","icono":"icono1"},{"idCategoria":10,"idHogar":1,"nombre":"Categoria 10","tipo":"Gasto","icono":"icono10"},{"idCategoria":11,"idHogar":1,"nombre":"Categoria 11","tipo":"Ingreso","icono":"icono11"},{"idCategoria":12,"idHogar":1,"nom

GET /api/Categorias -> 200
RespBody: [{"idCategoria":1,"idHogar":1,"nombre":"Categoria 1","tipo":"Ingreso","icono":"icono1"},{"idCategoria":10,"idHogar":1,"nombre":"Categoria 10","tipo":"Gasto","icono":"icono10"},{"idCategoria":11,"idHogar":1,"nombre":"Categoria 11","tipo":"Ingreso","icono":"icono11"},{"idCategoria":12,"idHogar":1,"nom

POST /api/Movimientos -> 201
RespBody: {"idMovimiento":1001,"idHogar":1,"idUsuario":1,"idCategoria":1,"monto":1.5,"fecha":"2026-12-31T12:00:00.0000000Z","tipo":"Gasto","descripcion":null,"origenEmisora":null}

POST /api/Movimientos -> 201
RespBody: {"idMovimiento":1002,"idHogar":1,"idUsuario":1,"idCategoria":1,"monto":1.5,"fecha":"2026-12-31T12:00:00.0000000Z","tipo":"Gasto","descripcion":null,"origenEmisora":null}

POST /api/Movimientos -> 201
RespBody: {"idMovimiento":1003,"idHogar":1,"idUsuario":1,"idCategoria":1,"monto":1.5,"fecha":"2026-12-31T12:00:00.0000000Z","tipo":"Gasto","descripcion":null,"origenEmisora":null}

POST /api/Movimientos -> 201
RespBody: {"idMovimiento":1004,"idHogar":1,"idUsuario":1,"idCategoria":1,"monto":1.5,"fecha":"2026-12-31T12:00:00.0000000Z","tipo":"Gasto","descripcion":null,"origenEmisora":null}

POST /api/Movimientos -> 201
RespBody: {"idMovimiento":1005,"idHogar":1,"idUsuario":1,"idCategoria":1,"monto":1.5,"fecha":"2026-12-31T12:00:00.0000000Z","tipo":"Gasto","descripcion":null,"origenEmisora":null}

POST /api/Auth/login -> 200
RespBody: {"token":"eyJhbGciOiJIUzI1NiIsInR5cCI6IkpXVCJ9.eyJpZFVzdWFyaW8iOiIxIiwiaWRIb2dhciI6IjEiLCJodHRwOi8vc2NoZW1hcy5taWNyb3NvZnQuY29tL3dzLzIwMDgvMDYvaWRlbnRpdHkvY2xhaW1zL3JvbGUiOiJBZG1pbiIsImVtYWlsIjoicGVyZi5zZWVkcy4zMTAzQGRlbW8tdGVzdC5jb20iLCJleHAiOjE3OTAyMzQ5OTIsImlzcyI6IlJlbWVzYVNtYXJ0U1YiLCJhdWQiOiJSZ

POST /api/Auth/login -> 200
RespBody: {"token":"eyJhbGciOiJIUzI1NiIsInR5cCI6IkpXVCJ9.eyJpZFVzdWFyaW8iOiIxIiwiaWRIb2dhciI6IjEiLCJodHRwOi8vc2NoZW1hcy5taWNyb3NvZnQuY29tL3dzLzIwMDgvMDYvaWRlbnRpdHkvY2xhaW1zL3JvbGUiOiJBZG1pbiIsImVtYWlsIjoicGVyZi5zZWVkcy4zMTAzQGRlbW8tdGVzdC5jb20iLCJleHAiOjE3OTAyMzQ5OTIsImlzcyI6IlJlbWVzYVNtYXJ0U1YiLCJhdWQiOiJSZ

POST /api/Auth/login -> 200
RespBody: {"token":"eyJhbGciOiJIUzI1NiIsInR5cCI6IkpXVCJ9.eyJpZFVzdWFyaW8iOiIxIiwiaWRIb2dhciI6IjEiLCJodHRwOi8vc2NoZW1hcy5taWNyb3NvZnQuY29tL3dzLzIwMDgvMDYvaWRlbnRpdHkvY2xhaW1zL3JvbGUiOiJBZG1pbiIsImVtYWlsIjoicGVyZi5zZWVkcy4zMTAzQGRlbW8tdGVzdC5jb20iLCJleHAiOjE3OTAyMzQ5OTIsImlzcyI6IlJlbWVzYVNtYXJ0U1YiLCJhdWQiOiJSZ

POST /api/Auth/login -> 200
RespBody: {"token":"eyJhbGciOiJIUzI1NiIsInR5cCI6IkpXVCJ9.eyJpZFVzdWFyaW8iOiIxIiwiaWRIb2dhciI6IjEiLCJodHRwOi8vc2NoZW1hcy5taWNyb3NvZnQuY29tL3dzLzIwMDgvMDYvaWRlbnRpdHkvY2xhaW1zL3JvbGUiOiJBZG1pbiIsImVtYWlsIjoicGVyZi5zZWVkcy4zMTAzQGRlbW8tdGVzdC5jb20iLCJleHAiOjE3OTAyMzQ5OTIsImlzcyI6IlJlbWVzYVNtYXJ0U1YiLCJhdWQiOiJSZ

POST /api/Auth/login -> 200
RespBody: {"token":"eyJhbGciOiJIUzI1NiIsInR5cCI6IkpXVCJ9.eyJpZFVzdWFyaW8iOiIxIiwiaWRIb2dhciI6IjEiLCJodHRwOi8vc2NoZW1hcy5taWNyb3NvZnQuY29tL3dzLzIwMDgvMDYvaWRlbnRpdHkvY2xhaW1zL3JvbGUiOiJBZG1pbiIsImVtYWlsIjoicGVyZi5zZWVkcy4zMTAzQGRlbW8tdGVzdC5jb20iLCJleHAiOjE3OTAyMzQ5OTIsImlzcyI6IlJlbWVzYVNtYXJ0U1YiLCJhdWQiOiJSZ

